STARTFONT 2.1
COMMENT PCFontBI 0.4.0; see ATTRIBUTION.md and LICENSE
FONT -PCFontBI-PCFontBI-medium-i-normal--16-120-96-96-c-80-iso10646-1
SIZE 12 96 96
FONTBOUNDINGBOX 8 16 0 -2
STARTPROPERTIES 16
FAMILY_NAME "PCFontBI"
WEIGHT_NAME "Medium"
SLANT "I"
SETWIDTH_NAME "Normal"
PIXEL_SIZE 16
POINT_SIZE 120
RESOLUTION_X 96
RESOLUTION_Y 96
SPACING "C"
AVERAGE_WIDTH 80
FONT_ASCENT 14
FONT_DESCENT 2
CHARSET_REGISTRY "ISO10646"
CHARSET_ENCODING "1"
DEFAULT_CHAR 63
COPYRIGHT "IBM VGA design; derivative by keylimesoda; VileR source. CC BY-SA 4.0."
ENDPROPERTIES
CHARS 933
STARTCHAR uni0020
ENCODING 32
SWIDTH 500 0
DWIDTH 8 0
BBX 8 16 0 -2
BITMAP
00
00
00
00
00
00
00
00
00
00
00
00
00
00
00
00
ENDCHAR
STARTCHAR uni0021
ENCODING 33
SWIDTH 500 0
DWIDTH 8 0
BBX 8 16 0 -2
BITMAP
00
00
0C
1E
1E
1E
18
18
18
00
30
30
00
00
00
00
ENDCHAR
STARTCHAR uni0022
ENCODING 34
SWIDTH 500 0
DWIDTH 8 0
BBX 8 16 0 -2
BITMAP
00
32
32
32
12
00
00
00
00
00
00
00
00
00
00
00
ENDCHAR
STARTCHAR uni0023
ENCODING 35
SWIDTH 500 0
DWIDTH 8 0
BBX 8 16 0 -2
BITMAP
00
00
00
36
36
7E
6C
6C
6C
FE
D8
D8
00
00
00
00
ENDCHAR
STARTCHAR uni0024
ENCODING 36
SWIDTH 500 0
DWIDTH 8 0
BBX 8 16 0 -2
BITMAP
0C
0C
3E
62
60
60
7C
06
06
86
8C
F8
30
30
00
00
ENDCHAR
STARTCHAR uni0025
ENCODING 37
SWIDTH 500 0
DWIDTH 8 0
BBX 8 16 0 -2
BITMAP
00
00
00
00
60
62
0C
18
30
60
8C
0C
00
00
00
00
ENDCHAR
STARTCHAR uni0026
ENCODING 38
SWIDTH 500 0
DWIDTH 8 0
BBX 8 16 0 -2
BITMAP
00
00
1C
36
36
1C
76
DC
CC
CC
98
EC
00
00
00
00
ENDCHAR
STARTCHAR uni0027
ENCODING 39
SWIDTH 500 0
DWIDTH 8 0
BBX 8 16 0 -2
BITMAP
00
18
18
18
30
00
00
00
00
00
00
00
00
00
00
00
ENDCHAR
STARTCHAR uni0028
ENCODING 40
SWIDTH 500 0
DWIDTH 8 0
BBX 8 16 0 -2
BITMAP
00
00
06
0C
18
18
30
30
30
30
30
18
00
00
00
00
ENDCHAR
STARTCHAR uni0029
ENCODING 41
SWIDTH 500 0
DWIDTH 8 0
BBX 8 16 0 -2
BITMAP
00
00
18
0C
06
06
0C
0C
0C
0C
30
60
00
00
00
00
ENDCHAR
STARTCHAR uni002A
ENCODING 42
SWIDTH 500 0
DWIDTH 8 0
BBX 8 16 0 -2
BITMAP
00
00
00
00
00
32
3C
FE
3C
66
00
00
00
00
00
00
ENDCHAR
STARTCHAR uni002B
ENCODING 43
SWIDTH 500 0
DWIDTH 8 0
BBX 8 16 0 -2
BITMAP
00
00
00
00
00
18
18
7E
18
18
00
00
00
00
00
00
ENDCHAR
STARTCHAR uni002C
ENCODING 44
SWIDTH 500 0
DWIDTH 8 0
BBX 8 16 0 -2
BITMAP
00
00
00
00
00
00
00
00
00
18
30
30
60
00
00
00
ENDCHAR
STARTCHAR uni002D
ENCODING 45
SWIDTH 500 0
DWIDTH 8 0
BBX 8 16 0 -2
BITMAP
00
00
00
00
00
00
00
FE
00
00
00
00
00
00
00
00
ENDCHAR
STARTCHAR uni002E
ENCODING 46
SWIDTH 500 0
DWIDTH 8 0
BBX 8 16 0 -2
BITMAP
00
00
00
00
00
00
00
00
00
00
30
30
00
00
00
00
ENDCHAR
STARTCHAR uni002F
ENCODING 47
SWIDTH 500 0
DWIDTH 8 0
BBX 8 16 0 -2
BITMAP
00
00
00
00
00
02
0C
18
30
60
80
00
00
00
00
00
ENDCHAR
STARTCHAR uni0030
ENCODING 48
SWIDTH 500 0
DWIDTH 8 0
BBX 8 16 0 -2
BITMAP
00
00
1C
36
62
62
D6
D6
C6
C6
D8
70
00
00
00
00
ENDCHAR
STARTCHAR uni0031
ENCODING 49
SWIDTH 500 0
DWIDTH 8 0
BBX 8 16 0 -2
BITMAP
00
00
0C
1C
3C
0C
18
18
18
18
30
FC
00
00
00
00
ENDCHAR
STARTCHAR uni0032
ENCODING 50
SWIDTH 500 0
DWIDTH 8 0
BBX 8 16 0 -2
BITMAP
00
00
3E
62
02
06
18
30
60
C0
8C
FC
00
00
00
00
ENDCHAR
STARTCHAR uni0033
ENCODING 51
SWIDTH 500 0
DWIDTH 8 0
BBX 8 16 0 -2
BITMAP
00
00
3E
62
02
02
3C
06
06
06
8C
F8
00
00
00
00
ENDCHAR
STARTCHAR uni0034
ENCODING 52
SWIDTH 500 0
DWIDTH 8 0
BBX 8 16 0 -2
BITMAP
00
00
06
0E
1E
36
CC
FE
0C
0C
18
3C
00
00
00
00
ENDCHAR
STARTCHAR uni0035
ENCODING 53
SWIDTH 500 0
DWIDTH 8 0
BBX 8 16 0 -2
BITMAP
00
00
7E
60
60
60
FC
06
06
06
8C
F8
00
00
00
00
ENDCHAR
STARTCHAR uni0036
ENCODING 54
SWIDTH 500 0
DWIDTH 8 0
BBX 8 16 0 -2
BITMAP
00
00
1C
30
60
60
FC
C6
C6
C6
8C
F8
00
00
00
00
ENDCHAR
STARTCHAR uni0037
ENCODING 55
SWIDTH 500 0
DWIDTH 8 0
BBX 8 16 0 -2
BITMAP
00
00
7E
62
02
02
0C
18
30
30
60
60
00
00
00
00
ENDCHAR
STARTCHAR uni0038
ENCODING 56
SWIDTH 500 0
DWIDTH 8 0
BBX 8 16 0 -2
BITMAP
00
00
3E
62
62
62
7C
C6
C6
C6
8C
F8
00
00
00
00
ENDCHAR
STARTCHAR uni0039
ENCODING 57
SWIDTH 500 0
DWIDTH 8 0
BBX 8 16 0 -2
BITMAP
00
00
3E
62
62
62
7E
06
06
06
18
F0
00
00
00
00
ENDCHAR
STARTCHAR uni003A
ENCODING 58
SWIDTH 500 0
DWIDTH 8 0
BBX 8 16 0 -2
BITMAP
00
00
00
00
0C
0C
00
00
00
18
30
00
00
00
00
00
ENDCHAR
STARTCHAR uni003B
ENCODING 59
SWIDTH 500 0
DWIDTH 8 0
BBX 8 16 0 -2
BITMAP
00
00
00
00
0C
0C
00
00
00
18
30
60
00
00
00
00
ENDCHAR
STARTCHAR uni003C
ENCODING 60
SWIDTH 500 0
DWIDTH 8 0
BBX 8 16 0 -2
BITMAP
00
00
00
02
06
0C
30
60
30
18
18
0C
00
00
00
00
ENDCHAR
STARTCHAR uni003D
ENCODING 61
SWIDTH 500 0
DWIDTH 8 0
BBX 8 16 0 -2
BITMAP
00
00
00
00
00
7E
00
00
7E
00
00
00
00
00
00
00
ENDCHAR
STARTCHAR uni003E
ENCODING 62
SWIDTH 500 0
DWIDTH 8 0
BBX 8 16 0 -2
BITMAP
00
00
00
30
18
0C
0C
06
0C
18
60
C0
00
00
00
00
ENDCHAR
STARTCHAR uni003F
ENCODING 63
SWIDTH 500 0
DWIDTH 8 0
BBX 8 16 0 -2
BITMAP
00
00
3E
62
62
06
18
18
18
00
30
30
00
00
00
00
ENDCHAR
STARTCHAR uni0040
ENCODING 64
SWIDTH 500 0
DWIDTH 8 0
BBX 8 16 0 -2
BITMAP
00
00
00
3E
62
62
DE
DE
DE
DC
80
F8
00
00
00
00
ENDCHAR
STARTCHAR uni0041
ENCODING 65
SWIDTH 500 0
DWIDTH 8 0
BBX 8 16 0 -2
BITMAP
00
00
08
1C
36
62
C6
FE
C6
C6
8C
8C
00
00
00
00
ENDCHAR
STARTCHAR uni0042
ENCODING 66
SWIDTH 500 0
DWIDTH 8 0
BBX 8 16 0 -2
BITMAP
00
00
7E
32
32
32
7C
66
66
66
CC
F8
00
00
00
00
ENDCHAR
STARTCHAR uni0043
ENCODING 67
SWIDTH 500 0
DWIDTH 8 0
BBX 8 16 0 -2
BITMAP
00
00
1E
32
60
60
C0
C0
C0
C2
CC
78
00
00
00
00
ENDCHAR
STARTCHAR uni0044
ENCODING 68
SWIDTH 500 0
DWIDTH 8 0
BBX 8 16 0 -2
BITMAP
00
00
7C
36
32
32
66
66
66
66
D8
F0
00
00
00
00
ENDCHAR
STARTCHAR uni0045
ENCODING 69
SWIDTH 500 0
DWIDTH 8 0
BBX 8 16 0 -2
BITMAP
00
00
7E
32
30
34
78
68
60
62
CC
FC
00
00
00
00
ENDCHAR
STARTCHAR uni0046
ENCODING 70
SWIDTH 500 0
DWIDTH 8 0
BBX 8 16 0 -2
BITMAP
00
00
7E
32
30
34
78
68
60
60
C0
E0
00
00
00
00
ENDCHAR
STARTCHAR uni0047
ENCODING 71
SWIDTH 500 0
DWIDTH 8 0
BBX 8 16 0 -2
BITMAP
00
00
1E
32
60
60
C0
DE
C6
C6
CC
74
00
00
00
00
ENDCHAR
STARTCHAR uni0048
ENCODING 72
SWIDTH 500 0
DWIDTH 8 0
BBX 8 16 0 -2
BITMAP
00
00
62
62
62
62
FE
C6
C6
C6
8C
8C
00
00
00
00
ENDCHAR
STARTCHAR uni0049
ENCODING 73
SWIDTH 500 0
DWIDTH 8 0
BBX 8 16 0 -2
BITMAP
00
00
1E
0C
0C
0C
18
18
18
18
30
78
00
00
00
00
ENDCHAR
STARTCHAR uni004A
ENCODING 74
SWIDTH 500 0
DWIDTH 8 0
BBX 8 16 0 -2
BITMAP
00
00
0E
06
06
06
0C
0C
CC
CC
98
F0
00
00
00
00
ENDCHAR
STARTCHAR uni004B
ENCODING 75
SWIDTH 500 0
DWIDTH 8 0
BBX 8 16 0 -2
BITMAP
00
00
72
32
32
36
78
78
6C
66
CC
CC
00
00
00
00
ENDCHAR
STARTCHAR uni004C
ENCODING 76
SWIDTH 500 0
DWIDTH 8 0
BBX 8 16 0 -2
BITMAP
00
00
78
30
30
30
60
60
60
62
CC
FC
00
00
00
00
ENDCHAR
STARTCHAR uni004D
ENCODING 77
SWIDTH 500 0
DWIDTH 8 0
BBX 8 16 0 -2
BITMAP
00
00
62
76
7E
7E
D6
C6
C6
C6
8C
8C
00
00
00
00
ENDCHAR
STARTCHAR uni004E
ENCODING 78
SWIDTH 500 0
DWIDTH 8 0
BBX 8 16 0 -2
BITMAP
00
00
62
72
7A
7E
DE
CE
C6
C6
8C
8C
00
00
00
00
ENDCHAR
STARTCHAR uni004F
ENCODING 79
SWIDTH 500 0
DWIDTH 8 0
BBX 8 16 0 -2
BITMAP
00
00
3E
62
62
62
C6
C6
C6
C6
8C
F8
00
00
00
00
ENDCHAR
STARTCHAR uni0050
ENCODING 80
SWIDTH 500 0
DWIDTH 8 0
BBX 8 16 0 -2
BITMAP
00
00
7E
32
32
32
7C
60
60
60
C0
E0
00
00
00
00
ENDCHAR
STARTCHAR uni0051
ENCODING 81
SWIDTH 500 0
DWIDTH 8 0
BBX 8 16 0 -2
BITMAP
00
00
3E
62
62
62
C6
C6
C6
D6
BC
F8
18
1C
00
00
ENDCHAR
STARTCHAR uni0052
ENCODING 82
SWIDTH 500 0
DWIDTH 8 0
BBX 8 16 0 -2
BITMAP
00
00
7E
32
32
32
7C
6C
66
66
CC
CC
00
00
00
00
ENDCHAR
STARTCHAR uni0053
ENCODING 83
SWIDTH 500 0
DWIDTH 8 0
BBX 8 16 0 -2
BITMAP
00
00
3E
62
62
30
38
0C
06
C6
8C
F8
00
00
00
00
ENDCHAR
STARTCHAR uni0054
ENCODING 84
SWIDTH 500 0
DWIDTH 8 0
BBX 8 16 0 -2
BITMAP
00
00
3E
3E
2C
0C
18
18
18
18
30
78
00
00
00
00
ENDCHAR
STARTCHAR uni0055
ENCODING 85
SWIDTH 500 0
DWIDTH 8 0
BBX 8 16 0 -2
BITMAP
00
00
62
62
62
62
C6
C6
C6
C6
8C
F8
00
00
00
00
ENDCHAR
STARTCHAR uni0056
ENCODING 86
SWIDTH 500 0
DWIDTH 8 0
BBX 8 16 0 -2
BITMAP
00
00
62
62
62
62
C6
C6
C6
6C
70
20
00
00
00
00
ENDCHAR
STARTCHAR uni0057
ENCODING 87
SWIDTH 500 0
DWIDTH 8 0
BBX 8 16 0 -2
BITMAP
00
00
62
62
62
62
D6
D6
D6
FE
DC
D8
00
00
00
00
ENDCHAR
STARTCHAR uni0058
ENCODING 88
SWIDTH 500 0
DWIDTH 8 0
BBX 8 16 0 -2
BITMAP
00
00
62
62
36
3E
38
38
7C
6C
8C
8C
00
00
00
00
ENDCHAR
STARTCHAR uni0059
ENCODING 89
SWIDTH 500 0
DWIDTH 8 0
BBX 8 16 0 -2
BITMAP
00
00
32
32
32
32
3C
18
18
18
30
78
00
00
00
00
ENDCHAR
STARTCHAR uni005A
ENCODING 90
SWIDTH 500 0
DWIDTH 8 0
BBX 8 16 0 -2
BITMAP
00
00
7E
62
42
06
18
30
60
C2
8C
FC
00
00
00
00
ENDCHAR
STARTCHAR uni005B
ENCODING 91
SWIDTH 500 0
DWIDTH 8 0
BBX 8 16 0 -2
BITMAP
00
00
1E
18
18
18
30
30
30
30
60
78
00
00
00
00
ENDCHAR
STARTCHAR uni005C
ENCODING 92
SWIDTH 500 0
DWIDTH 8 0
BBX 8 16 0 -2
BITMAP
00
00
00
40
60
70
70
38
1C
0E
0C
04
00
00
00
00
ENDCHAR
STARTCHAR uni005D
ENCODING 93
SWIDTH 500 0
DWIDTH 8 0
BBX 8 16 0 -2
BITMAP
00
00
1E
06
06
06
0C
0C
0C
0C
18
78
00
00
00
00
ENDCHAR
STARTCHAR uni005E
ENCODING 94
SWIDTH 500 0
DWIDTH 8 0
BBX 8 16 0 -2
BITMAP
08
1C
36
62
00
00
00
00
00
00
00
00
00
00
00
00
ENDCHAR
STARTCHAR uni005F
ENCODING 95
SWIDTH 500 0
DWIDTH 8 0
BBX 8 16 0 -2
BITMAP
00
00
00
00
00
00
00
00
00
00
00
00
00
FF
00
00
ENDCHAR
STARTCHAR uni0060
ENCODING 96
SWIDTH 500 0
DWIDTH 8 0
BBX 8 16 0 -2
BITMAP
18
18
0C
00
00
00
00
00
00
00
00
00
00
00
00
00
ENDCHAR
STARTCHAR uni0061
ENCODING 97
SWIDTH 500 0
DWIDTH 8 0
BBX 8 16 0 -2
BITMAP
00
00
00
00
00
3E
66
66
CC
CC
CC
76
00
00
00
00
ENDCHAR
STARTCHAR uni0062
ENCODING 98
SWIDTH 500 0
DWIDTH 8 0
BBX 8 16 0 -2
BITMAP
00
00
30
30
30
3C
66
66
CC
CC
CC
78
00
00
00
00
ENDCHAR
STARTCHAR uni0063
ENCODING 99
SWIDTH 500 0
DWIDTH 8 0
BBX 8 16 0 -2
BITMAP
00
00
00
00
00
3C
66
60
C0
C0
CC
78
00
00
00
00
ENDCHAR
STARTCHAR uni0064
ENCODING 100
SWIDTH 500 0
DWIDTH 8 0
BBX 8 16 0 -2
BITMAP
00
00
06
06
06
3E
66
66
CC
CC
CC
76
00
00
00
00
ENDCHAR
STARTCHAR uni0065
ENCODING 101
SWIDTH 500 0
DWIDTH 8 0
BBX 8 16 0 -2
BITMAP
00
00
00
00
00
3C
66
7E
C0
C0
CC
78
00
00
00
00
ENDCHAR
STARTCHAR uni0066
ENCODING 102
SWIDTH 500 0
DWIDTH 8 0
BBX 8 16 0 -2
BITMAP
00
00
1C
36
30
30
7C
60
60
60
C0
C0
00
00
00
00
ENDCHAR
STARTCHAR uni0067
ENCODING 103
SWIDTH 500 0
DWIDTH 8 0
BBX 8 16 0 -2
BITMAP
00
00
00
00
00
3E
66
66
CC
CC
CC
7C
18
D8
70
00
ENDCHAR
STARTCHAR uni0068
ENCODING 104
SWIDTH 500 0
DWIDTH 8 0
BBX 8 16 0 -2
BITMAP
00
00
30
30
30
3C
66
66
CC
CC
CC
CC
00
00
00
00
ENDCHAR
STARTCHAR uni0069
ENCODING 105
SWIDTH 500 0
DWIDTH 8 0
BBX 8 16 0 -2
BITMAP
00
00
0C
0C
00
1C
0C
0C
18
18
18
3C
00
00
00
00
ENDCHAR
STARTCHAR uni006A
ENCODING 106
SWIDTH 500 0
DWIDTH 8 0
BBX 8 16 0 -2
BITMAP
00
00
0C
0C
00
1C
0C
0C
18
18
18
18
30
B0
60
00
ENDCHAR
STARTCHAR uni006B
ENCODING 107
SWIDTH 500 0
DWIDTH 8 0
BBX 8 16 0 -2
BITMAP
00
00
30
30
30
36
6C
78
70
D8
CC
CC
00
00
00
00
ENDCHAR
STARTCHAR uni006C
ENCODING 108
SWIDTH 500 0
DWIDTH 8 0
BBX 8 16 0 -2
BITMAP
00
00
1C
0C
0C
0C
18
18
18
30
30
38
00
00
00
00
ENDCHAR
STARTCHAR uni006D
ENCODING 109
SWIDTH 500 0
DWIDTH 8 0
BBX 8 16 0 -2
BITMAP
00
00
00
00
00
76
7E
6A
D6
D6
D6
C6
00
00
00
00
ENDCHAR
STARTCHAR uni006E
ENCODING 110
SWIDTH 500 0
DWIDTH 8 0
BBX 8 16 0 -2
BITMAP
00
00
00
00
00
3C
66
66
CC
CC
CC
CC
00
00
00
00
ENDCHAR
STARTCHAR uni006F
ENCODING 111
SWIDTH 500 0
DWIDTH 8 0
BBX 8 16 0 -2
BITMAP
00
00
00
00
00
3C
66
66
CC
CC
CC
78
00
00
00
00
ENDCHAR
STARTCHAR uni0070
ENCODING 112
SWIDTH 500 0
DWIDTH 8 0
BBX 8 16 0 -2
BITMAP
00
00
00
00
00
3C
66
66
CC
CC
CC
F8
C0
C0
C0
00
ENDCHAR
STARTCHAR uni0071
ENCODING 113
SWIDTH 500 0
DWIDTH 8 0
BBX 8 16 0 -2
BITMAP
00
00
00
00
00
3E
66
66
CC
CC
CC
7C
18
18
18
00
ENDCHAR
STARTCHAR uni0072
ENCODING 114
SWIDTH 500 0
DWIDTH 8 0
BBX 8 16 0 -2
BITMAP
00
00
00
00
00
36
6E
60
C0
C0
C0
C0
00
00
00
00
ENDCHAR
STARTCHAR uni0073
ENCODING 115
SWIDTH 500 0
DWIDTH 8 0
BBX 8 16 0 -2
BITMAP
00
00
00
00
00
3E
60
70
38
0C
CC
78
00
00
00
00
ENDCHAR
STARTCHAR uni0074
ENCODING 116
SWIDTH 500 0
DWIDTH 8 0
BBX 8 16 0 -2
BITMAP
00
00
00
08
18
7E
30
30
60
60
6C
38
00
00
00
00
ENDCHAR
STARTCHAR uni0075
ENCODING 117
SWIDTH 500 0
DWIDTH 8 0
BBX 8 16 0 -2
BITMAP
00
00
00
00
00
66
66
66
CC
CC
CC
76
00
00
00
00
ENDCHAR
STARTCHAR uni0076
ENCODING 118
SWIDTH 500 0
DWIDTH 8 0
BBX 8 16 0 -2
BITMAP
00
00
00
00
00
66
66
66
CC
CC
78
30
00
00
00
00
ENDCHAR
STARTCHAR uni0077
ENCODING 119
SWIDTH 500 0
DWIDTH 8 0
BBX 8 16 0 -2
BITMAP
00
00
00
00
00
66
66
6A
D6
D6
FE
6C
00
00
00
00
ENDCHAR
STARTCHAR uni0078
ENCODING 120
SWIDTH 500 0
DWIDTH 8 0
BBX 8 16 0 -2
BITMAP
00
00
00
00
00
66
66
3C
18
3C
66
C6
00
00
00
00
ENDCHAR
STARTCHAR uni0079
ENCODING 121
SWIDTH 500 0
DWIDTH 8 0
BBX 8 16 0 -2
BITMAP
00
00
00
00
00
66
66
66
CC
CC
CC
7C
18
D8
70
00
ENDCHAR
STARTCHAR uni007A
ENCODING 122
SWIDTH 500 0
DWIDTH 8 0
BBX 8 16 0 -2
BITMAP
00
00
00
00
00
7E
06
0C
18
30
60
FC
00
00
00
00
ENDCHAR
STARTCHAR uni007B
ENCODING 123
SWIDTH 500 0
DWIDTH 8 0
BBX 8 16 0 -2
BITMAP
00
00
06
0C
0C
0C
70
18
18
18
30
1C
00
00
00
00
ENDCHAR
STARTCHAR uni007C
ENCODING 124
SWIDTH 500 0
DWIDTH 8 0
BBX 8 16 0 -2
BITMAP
00
00
18
18
18
18
00
18
18
18
18
18
00
00
00
00
ENDCHAR
STARTCHAR uni007D
ENCODING 125
SWIDTH 500 0
DWIDTH 8 0
BBX 8 16 0 -2
BITMAP
00
00
38
0C
0C
0C
0E
18
18
18
30
E0
00
00
00
00
ENDCHAR
STARTCHAR uni007E
ENCODING 126
SWIDTH 500 0
DWIDTH 8 0
BBX 8 16 0 -2
BITMAP
00
00
3A
6E
00
00
00
00
00
00
00
00
00
00
00
00
ENDCHAR
STARTCHAR uni00A0
ENCODING 160
SWIDTH 500 0
DWIDTH 8 0
BBX 8 16 0 -2
BITMAP
00
00
00
00
00
00
00
00
00
00
00
00
00
00
00
00
ENDCHAR
STARTCHAR uni00A1
ENCODING 161
SWIDTH 500 0
DWIDTH 8 0
BBX 8 16 0 -2
BITMAP
00
00
0C
0C
00
0C
18
18
3C
3C
78
30
00
00
00
00
ENDCHAR
STARTCHAR uni00A2
ENCODING 162
SWIDTH 500 0
DWIDTH 8 0
BBX 8 16 0 -2
BITMAP
00
0C
0C
1E
33
30
60
60
66
3C
30
30
00
00
00
00
ENDCHAR
STARTCHAR uni00A3
ENCODING 163
SWIDTH 500 0
DWIDTH 8 0
BBX 8 16 0 -2
BITMAP
00
1C
36
32
30
78
60
60
60
60
E6
FC
00
00
00
00
ENDCHAR
STARTCHAR uni00A5
ENCODING 165
SWIDTH 500 0
DWIDTH 8 0
BBX 8 16 0 -2
BITMAP
00
00
33
33
1E
0C
7E
18
7E
18
30
30
00
00
00
00
ENDCHAR
STARTCHAR uni00A7
ENCODING 167
SWIDTH 500 0
DWIDTH 8 0
BBX 8 16 0 -2
BITMAP
00
3E
63
30
1C
36
C6
C6
6C
38
18
C6
F8
00
00
00
ENDCHAR
STARTCHAR uni00AA
ENCODING 170
SWIDTH 500 0
DWIDTH 8 0
BBX 8 16 0 -2
BITMAP
00
1E
36
36
1F
00
7E
00
00
00
00
00
00
00
00
00
ENDCHAR
STARTCHAR uni00AB
ENCODING 171
SWIDTH 500 0
DWIDTH 8 0
BBX 8 16 0 -2
BITMAP
00
00
00
00
00
1B
6C
D8
6C
36
00
00
00
00
00
00
ENDCHAR
STARTCHAR uni00AC
ENCODING 172
SWIDTH 500 0
DWIDTH 8 0
BBX 8 16 0 -2
BITMAP
00
00
00
00
00
00
FE
06
06
06
0C
00
00
00
00
00
ENDCHAR
STARTCHAR uni00B0
ENCODING 176
SWIDTH 500 0
DWIDTH 8 0
BBX 8 16 0 -2
BITMAP
00
1C
36
36
1C
00
00
00
00
00
00
00
00
00
00
00
ENDCHAR
STARTCHAR uni00B1
ENCODING 177
SWIDTH 500 0
DWIDTH 8 0
BBX 8 16 0 -2
BITMAP
00
00
00
00
0C
0C
7E
18
18
00
00
FF
00
00
00
00
ENDCHAR
STARTCHAR uni00B2
ENCODING 178
SWIDTH 500 0
DWIDTH 8 0
BBX 8 16 0 -2
BITMAP
00
38
6C
18
30
64
F8
00
00
00
00
00
00
00
00
00
ENDCHAR
STARTCHAR uni00B5
ENCODING 181
SWIDTH 500 0
DWIDTH 8 0
BBX 8 16 0 -2
BITMAP
00
00
00
00
33
33
66
66
66
7C
C0
C0
C0
00
00
00
ENDCHAR
STARTCHAR uni00B6
ENCODING 182
SWIDTH 500 0
DWIDTH 8 0
BBX 8 16 0 -2
BITMAP
00
00
7F
DB
DB
DB
7B
1B
1B
1B
36
36
00
00
00
00
ENDCHAR
STARTCHAR uni00B7
ENCODING 183
SWIDTH 500 0
DWIDTH 8 0
BBX 8 16 0 -2
BITMAP
00
00
00
00
00
00
00
00
18
00
00
00
00
00
00
00
ENDCHAR
STARTCHAR uni00BA
ENCODING 186
SWIDTH 500 0
DWIDTH 8 0
BBX 8 16 0 -2
BITMAP
00
1C
36
36
1C
00
7C
00
00
00
00
00
00
00
00
00
ENDCHAR
STARTCHAR uni00BB
ENCODING 187
SWIDTH 500 0
DWIDTH 8 0
BBX 8 16 0 -2
BITMAP
00
00
00
00
00
6C
6C
36
6C
D8
00
00
00
00
00
00
ENDCHAR
STARTCHAR uni00BC
ENCODING 188
SWIDTH 500 0
DWIDTH 8 0
BBX 8 16 0 -2
BITMAP
00
60
60
61
63
66
18
30
66
CE
9E
7C
0C
0C
00
00
ENDCHAR
STARTCHAR uni00BD
ENCODING 189
SWIDTH 500 0
DWIDTH 8 0
BBX 8 16 0 -2
BITMAP
00
60
60
61
63
66
18
30
60
DC
86
18
30
7C
00
00
ENDCHAR
STARTCHAR uni00BF
ENCODING 191
SWIDTH 500 0
DWIDTH 8 0
BBX 8 16 0 -2
BITMAP
00
00
18
18
00
18
30
60
C0
C6
C6
F8
00
00
00
00
ENDCHAR
STARTCHAR uni00C4
ENCODING 196
SWIDTH 500 0
DWIDTH 8 0
BBX 8 16 0 -2
BITMAP
00
63
00
08
1C
36
C6
C6
FE
C6
C6
C6
00
00
00
00
ENDCHAR
STARTCHAR uni00C5
ENCODING 197
SWIDTH 500 0
DWIDTH 8 0
BBX 8 16 0 -2
BITMAP
1C
36
1C
00
1C
36
C6
C6
FE
C6
C6
C6
00
00
00
00
ENDCHAR
STARTCHAR uni00C6
ENCODING 198
SWIDTH 500 0
DWIDTH 8 0
BBX 8 16 0 -2
BITMAP
00
00
1F
36
66
66
FE
CC
CC
CC
CC
CE
00
00
00
00
ENDCHAR
STARTCHAR uni00C7
ENCODING 199
SWIDTH 500 0
DWIDTH 8 0
BBX 8 16 0 -2
BITMAP
00
00
1E
33
61
60
C0
C0
C2
66
78
18
0C
F8
00
00
ENDCHAR
STARTCHAR uni00C9
ENCODING 201
SWIDTH 500 0
DWIDTH 8 0
BBX 8 16 0 -2
BITMAP
0C
18
30
00
7F
33
60
7C
60
60
CC
FE
00
00
00
00
ENDCHAR
STARTCHAR uni00D1
ENCODING 209
SWIDTH 500 0
DWIDTH 8 0
BBX 8 16 0 -2
BITMAP
3B
6E
00
63
73
7B
FE
DE
CE
C6
C6
C6
00
00
00
00
ENDCHAR
STARTCHAR uni00D6
ENCODING 214
SWIDTH 500 0
DWIDTH 8 0
BBX 8 16 0 -2
BITMAP
00
63
00
3E
63
63
C6
C6
C6
C6
C6
F8
00
00
00
00
ENDCHAR
STARTCHAR uni00DC
ENCODING 220
SWIDTH 500 0
DWIDTH 8 0
BBX 8 16 0 -2
BITMAP
00
63
00
63
63
63
C6
C6
C6
C6
C6
F8
00
00
00
00
ENDCHAR
STARTCHAR uni00DF
ENCODING 223
SWIDTH 500 0
DWIDTH 8 0
BBX 8 16 0 -2
BITMAP
00
00
3C
66
66
66
D8
CC
C6
C6
C6
CC
00
00
00
00
ENDCHAR
STARTCHAR uni00E0
ENCODING 224
SWIDTH 500 0
DWIDTH 8 0
BBX 8 16 0 -2
BITMAP
00
30
18
0C
00
3C
0C
7C
CC
CC
CC
EC
00
00
00
00
ENDCHAR
STARTCHAR uni00E1
ENCODING 225
SWIDTH 500 0
DWIDTH 8 0
BBX 8 16 0 -2
BITMAP
00
0C
18
30
00
3C
0C
7C
CC
CC
CC
EC
00
00
00
00
ENDCHAR
STARTCHAR uni00E2
ENCODING 226
SWIDTH 500 0
DWIDTH 8 0
BBX 8 16 0 -2
BITMAP
00
08
1C
36
00
3C
0C
7C
CC
CC
CC
EC
00
00
00
00
ENDCHAR
STARTCHAR uni00E4
ENCODING 228
SWIDTH 500 0
DWIDTH 8 0
BBX 8 16 0 -2
BITMAP
00
00
66
00
00
3C
0C
7C
CC
CC
CC
EC
00
00
00
00
ENDCHAR
STARTCHAR uni00E5
ENCODING 229
SWIDTH 500 0
DWIDTH 8 0
BBX 8 16 0 -2
BITMAP
00
1C
36
1C
00
3C
0C
7C
CC
CC
CC
EC
00
00
00
00
ENDCHAR
STARTCHAR uni00E6
ENCODING 230
SWIDTH 500 0
DWIDTH 8 0
BBX 8 16 0 -2
BITMAP
00
00
00
00
00
66
76
36
7E
D8
D8
DC
00
00
00
00
ENDCHAR
STARTCHAR uni00E7
ENCODING 231
SWIDTH 500 0
DWIDTH 8 0
BBX 8 16 0 -2
BITMAP
00
00
00
00
1E
33
60
60
66
3C
18
0C
78
00
00
00
ENDCHAR
STARTCHAR uni00E8
ENCODING 232
SWIDTH 500 0
DWIDTH 8 0
BBX 8 16 0 -2
BITMAP
00
30
18
0C
00
3E
C6
FE
C0
C0
C6
F8
00
00
00
00
ENDCHAR
STARTCHAR uni00E9
ENCODING 233
SWIDTH 500 0
DWIDTH 8 0
BBX 8 16 0 -2
BITMAP
00
06
0C
18
00
3E
C6
FE
C0
C0
C6
F8
00
00
00
00
ENDCHAR
STARTCHAR uni00EA
ENCODING 234
SWIDTH 500 0
DWIDTH 8 0
BBX 8 16 0 -2
BITMAP
00
08
1C
36
00
3E
C6
FE
C0
C0
C6
F8
00
00
00
00
ENDCHAR
STARTCHAR uni00EB
ENCODING 235
SWIDTH 500 0
DWIDTH 8 0
BBX 8 16 0 -2
BITMAP
00
00
63
00
00
3E
C6
FE
C0
C0
C6
F8
00
00
00
00
ENDCHAR
STARTCHAR uni00EC
ENCODING 236
SWIDTH 500 0
DWIDTH 8 0
BBX 8 16 0 -2
BITMAP
00
30
18
0C
00
1C
18
18
18
18
30
78
00
00
00
00
ENDCHAR
STARTCHAR uni00ED
ENCODING 237
SWIDTH 500 0
DWIDTH 8 0
BBX 8 16 0 -2
BITMAP
00
06
0C
18
00
1C
18
18
18
18
30
78
00
00
00
00
ENDCHAR
STARTCHAR uni00EE
ENCODING 238
SWIDTH 500 0
DWIDTH 8 0
BBX 8 16 0 -2
BITMAP
00
0C
1E
33
00
1C
18
18
18
18
30
78
00
00
00
00
ENDCHAR
STARTCHAR uni00EF
ENCODING 239
SWIDTH 500 0
DWIDTH 8 0
BBX 8 16 0 -2
BITMAP
00
00
33
00
00
1C
18
18
18
18
30
78
00
00
00
00
ENDCHAR
STARTCHAR uni00F1
ENCODING 241
SWIDTH 500 0
DWIDTH 8 0
BBX 8 16 0 -2
BITMAP
00
00
3B
6E
00
6E
66
66
66
66
CC
CC
00
00
00
00
ENDCHAR
STARTCHAR uni00F2
ENCODING 242
SWIDTH 500 0
DWIDTH 8 0
BBX 8 16 0 -2
BITMAP
00
30
18
0C
00
3E
C6
C6
C6
C6
C6
F8
00
00
00
00
ENDCHAR
STARTCHAR uni00F3
ENCODING 243
SWIDTH 500 0
DWIDTH 8 0
BBX 8 16 0 -2
BITMAP
00
0C
18
30
00
3E
C6
C6
C6
C6
C6
F8
00
00
00
00
ENDCHAR
STARTCHAR uni00F4
ENCODING 244
SWIDTH 500 0
DWIDTH 8 0
BBX 8 16 0 -2
BITMAP
00
08
1C
36
00
3E
C6
C6
C6
C6
C6
F8
00
00
00
00
ENDCHAR
STARTCHAR uni00F6
ENCODING 246
SWIDTH 500 0
DWIDTH 8 0
BBX 8 16 0 -2
BITMAP
00
00
63
00
00
3E
C6
C6
C6
C6
C6
F8
00
00
00
00
ENDCHAR
STARTCHAR uni00F7
ENCODING 247
SWIDTH 500 0
DWIDTH 8 0
BBX 8 16 0 -2
BITMAP
00
00
00
00
0C
0C
00
7E
00
18
30
00
00
00
00
00
ENDCHAR
STARTCHAR uni00F9
ENCODING 249
SWIDTH 500 0
DWIDTH 8 0
BBX 8 16 0 -2
BITMAP
00
30
18
0C
00
66
CC
CC
CC
CC
CC
EC
00
00
00
00
ENDCHAR
STARTCHAR uni00FA
ENCODING 250
SWIDTH 500 0
DWIDTH 8 0
BBX 8 16 0 -2
BITMAP
00
0C
18
30
00
66
CC
CC
CC
CC
CC
EC
00
00
00
00
ENDCHAR
STARTCHAR uni00FB
ENCODING 251
SWIDTH 500 0
DWIDTH 8 0
BBX 8 16 0 -2
BITMAP
00
18
3C
66
00
66
CC
CC
CC
CC
CC
EC
00
00
00
00
ENDCHAR
STARTCHAR uni00FC
ENCODING 252
SWIDTH 500 0
DWIDTH 8 0
BBX 8 16 0 -2
BITMAP
00
00
66
00
00
66
CC
CC
CC
CC
CC
EC
00
00
00
00
ENDCHAR
STARTCHAR uni00FF
ENCODING 255
SWIDTH 500 0
DWIDTH 8 0
BBX 8 16 0 -2
BITMAP
00
00
63
00
00
63
C6
C6
C6
C6
C6
FC
0C
18
F0
00
ENDCHAR
STARTCHAR uni0192
ENCODING 402
SWIDTH 500 0
DWIDTH 8 0
BBX 8 16 0 -2
BITMAP
00
07
1B
0C
0C
0C
7E
18
18
18
30
30
D8
E0
00
00
ENDCHAR
STARTCHAR uni0393
ENCODING 915
SWIDTH 500 0
DWIDTH 8 0
BBX 8 16 0 -2
BITMAP
00
00
7F
63
63
60
C0
C0
C0
C0
C0
C0
00
00
00
00
ENDCHAR
STARTCHAR uni0398
ENCODING 920
SWIDTH 500 0
DWIDTH 8 0
BBX 8 16 0 -2
BITMAP
00
00
00
1C
36
63
C6
FE
C6
C6
D8
70
00
00
00
00
ENDCHAR
STARTCHAR uni03A3
ENCODING 931
SWIDTH 500 0
DWIDTH 8 0
BBX 8 16 0 -2
BITMAP
00
00
00
7F
63
30
30
18
30
60
C6
FE
00
00
00
00
ENDCHAR
STARTCHAR uni03A6
ENCODING 934
SWIDTH 500 0
DWIDTH 8 0
BBX 8 16 0 -2
BITMAP
00
00
00
3F
0C
1E
66
66
66
3C
30
FC
00
00
00
00
ENDCHAR
STARTCHAR uni03A9
ENCODING 937
SWIDTH 500 0
DWIDTH 8 0
BBX 8 16 0 -2
BITMAP
00
00
1C
36
63
63
C6
6C
6C
6C
D8
EE
00
00
00
00
ENDCHAR
STARTCHAR uni03B1
ENCODING 945
SWIDTH 500 0
DWIDTH 8 0
BBX 8 16 0 -2
BITMAP
00
00
00
00
00
3B
DC
D8
D8
D8
DC
EC
00
00
00
00
ENDCHAR
STARTCHAR uni03B4
ENCODING 948
SWIDTH 500 0
DWIDTH 8 0
BBX 8 16 0 -2
BITMAP
00
00
0F
18
0C
06
3E
66
66
66
CC
78
00
00
00
00
ENDCHAR
STARTCHAR uni03B5
ENCODING 949
SWIDTH 500 0
DWIDTH 8 0
BBX 8 16 0 -2
BITMAP
00
00
0E
18
30
30
7C
60
60
60
60
38
00
00
00
00
ENDCHAR
STARTCHAR uni03C0
ENCODING 960
SWIDTH 500 0
DWIDTH 8 0
BBX 8 16 0 -2
BITMAP
00
00
00
00
7F
36
6C
6C
6C
6C
D8
D8
00
00
00
00
ENDCHAR
STARTCHAR uni03C3
ENCODING 963
SWIDTH 500 0
DWIDTH 8 0
BBX 8 16 0 -2
BITMAP
00
00
00
00
00
3F
D8
D8
D8
D8
D8
E0
00
00
00
00
ENDCHAR
STARTCHAR uni03C4
ENCODING 964
SWIDTH 500 0
DWIDTH 8 0
BBX 8 16 0 -2
BITMAP
00
00
00
00
3B
6E
18
18
18
18
30
30
00
00
00
00
ENDCHAR
STARTCHAR uni03C6
ENCODING 966
SWIDTH 500 0
DWIDTH 8 0
BBX 8 16 0 -2
BITMAP
00
00
00
03
03
3F
DB
DB
F3
7E
C0
C0
00
00
00
00
ENDCHAR
STARTCHAR uni2010
ENCODING 8208
SWIDTH 500 0
DWIDTH 8 0
BBX 8 16 0 -2
BITMAP
00
00
00
00
00
00
00
FE
00
00
00
00
00
00
00
00
ENDCHAR
STARTCHAR uni2011
ENCODING 8209
SWIDTH 500 0
DWIDTH 8 0
BBX 8 16 0 -2
BITMAP
00
00
00
00
00
00
00
FE
00
00
00
00
00
00
00
00
ENDCHAR
STARTCHAR uni2012
ENCODING 8210
SWIDTH 500 0
DWIDTH 8 0
BBX 8 16 0 -2
BITMAP
00
00
00
00
00
00
00
FE
00
00
00
00
00
00
00
00
ENDCHAR
STARTCHAR uni2013
ENCODING 8211
SWIDTH 500 0
DWIDTH 8 0
BBX 8 16 0 -2
BITMAP
00
00
00
00
00
00
00
FE
00
00
00
00
00
00
00
00
ENDCHAR
STARTCHAR uni2018
ENCODING 8216
SWIDTH 500 0
DWIDTH 8 0
BBX 8 16 0 -2
BITMAP
00
18
18
18
30
00
00
00
00
00
00
00
00
00
00
00
ENDCHAR
STARTCHAR uni2019
ENCODING 8217
SWIDTH 500 0
DWIDTH 8 0
BBX 8 16 0 -2
BITMAP
00
18
18
18
30
00
00
00
00
00
00
00
00
00
00
00
ENDCHAR
STARTCHAR uni201C
ENCODING 8220
SWIDTH 500 0
DWIDTH 8 0
BBX 8 16 0 -2
BITMAP
00
32
32
32
12
00
00
00
00
00
00
00
00
00
00
00
ENDCHAR
STARTCHAR uni201D
ENCODING 8221
SWIDTH 500 0
DWIDTH 8 0
BBX 8 16 0 -2
BITMAP
00
32
32
32
12
00
00
00
00
00
00
00
00
00
00
00
ENDCHAR
STARTCHAR uni2022
ENCODING 8226
SWIDTH 500 0
DWIDTH 8 0
BBX 8 16 0 -2
BITMAP
00
00
00
00
00
00
18
3C
3C
18
00
00
00
00
00
00
ENDCHAR
STARTCHAR uni203C
ENCODING 8252
SWIDTH 500 0
DWIDTH 8 0
BBX 8 16 0 -2
BITMAP
00
00
33
33
33
33
66
66
66
00
CC
CC
00
00
00
00
ENDCHAR
STARTCHAR uni207F
ENCODING 8319
SWIDTH 500 0
DWIDTH 8 0
BBX 8 16 0 -2
BITMAP
00
6C
36
36
36
36
6C
00
00
00
00
00
00
00
00
00
ENDCHAR
STARTCHAR uni20A7
ENCODING 8359
SWIDTH 500 0
DWIDTH 8 0
BBX 8 16 0 -2
BITMAP
00
7C
66
66
7C
62
CC
DE
CC
CC
CC
C6
00
00
00
00
ENDCHAR
STARTCHAR uni2190
ENCODING 8592
SWIDTH 500 0
DWIDTH 8 0
BBX 8 16 0 -2
BITMAP
00
00
00
00
00
18
60
FE
60
30
00
00
00
00
00
00
ENDCHAR
STARTCHAR uni2191
ENCODING 8593
SWIDTH 500 0
DWIDTH 8 0
BBX 8 16 0 -2
BITMAP
00
00
0C
1E
3F
0C
18
18
18
18
30
30
00
00
00
00
ENDCHAR
STARTCHAR uni2192
ENCODING 8594
SWIDTH 500 0
DWIDTH 8 0
BBX 8 16 0 -2
BITMAP
00
00
00
00
00
0C
0C
FE
0C
18
00
00
00
00
00
00
ENDCHAR
STARTCHAR uni2193
ENCODING 8595
SWIDTH 500 0
DWIDTH 8 0
BBX 8 16 0 -2
BITMAP
00
00
0C
0C
0C
0C
18
18
18
7E
78
30
00
00
00
00
ENDCHAR
STARTCHAR uni2194
ENCODING 8596
SWIDTH 500 0
DWIDTH 8 0
BBX 8 16 0 -2
BITMAP
00
00
00
00
00
14
6C
FE
6C
28
00
00
00
00
00
00
ENDCHAR
STARTCHAR uni2195
ENCODING 8597
SWIDTH 500 0
DWIDTH 8 0
BBX 8 16 0 -2
BITMAP
00
00
0C
1E
3F
0C
18
18
7E
3C
30
00
00
00
00
00
ENDCHAR
STARTCHAR uni21A8
ENCODING 8616
SWIDTH 500 0
DWIDTH 8 0
BBX 8 16 0 -2
BITMAP
00
00
0C
1E
3F
0C
18
18
7E
3C
30
FC
00
00
00
00
ENDCHAR
STARTCHAR uni2212
ENCODING 8722
SWIDTH 500 0
DWIDTH 8 0
BBX 8 16 0 -2
BITMAP
00
00
00
00
00
00
00
FE
00
00
00
00
00
00
00
00
ENDCHAR
STARTCHAR uni2219
ENCODING 8729
SWIDTH 500 0
DWIDTH 8 0
BBX 8 16 0 -2
BITMAP
00
00
00
00
00
00
00
18
18
00
00
00
00
00
00
00
ENDCHAR
STARTCHAR uni221A
ENCODING 8730
SWIDTH 500 0
DWIDTH 8 0
BBX 8 16 0 -2
BITMAP
00
0F
06
06
06
06
0C
EC
6C
6C
78
38
00
00
00
00
ENDCHAR
STARTCHAR uni221E
ENCODING 8734
SWIDTH 500 0
DWIDTH 8 0
BBX 8 16 0 -2
BITMAP
00
00
00
00
00
3F
DB
DB
DB
7E
00
00
00
00
00
00
ENDCHAR
STARTCHAR uni221F
ENCODING 8735
SWIDTH 500 0
DWIDTH 8 0
BBX 8 16 0 -2
BITMAP
00
00
00
00
00
00
C0
C0
C0
FE
00
00
00
00
00
00
ENDCHAR
STARTCHAR uni2229
ENCODING 8745
SWIDTH 500 0
DWIDTH 8 0
BBX 8 16 0 -2
BITMAP
00
00
00
3E
63
63
C6
C6
C6
C6
C6
C6
00
00
00
00
ENDCHAR
STARTCHAR uni2248
ENCODING 8776
SWIDTH 500 0
DWIDTH 8 0
BBX 8 16 0 -2
BITMAP
00
00
00
00
00
3B
DC
00
76
DC
00
00
00
00
00
00
ENDCHAR
STARTCHAR uni2261
ENCODING 8801
SWIDTH 500 0
DWIDTH 8 0
BBX 8 16 0 -2
BITMAP
00
00
00
00
7F
00
00
FE
00
00
FE
00
00
00
00
00
ENDCHAR
STARTCHAR uni2264
ENCODING 8804
SWIDTH 500 0
DWIDTH 8 0
BBX 8 16 0 -2
BITMAP
00
00
00
06
0C
18
60
30
18
0C
00
FC
00
00
00
00
ENDCHAR
STARTCHAR uni2265
ENCODING 8805
SWIDTH 500 0
DWIDTH 8 0
BBX 8 16 0 -2
BITMAP
00
00
00
18
0C
06
06
0C
18
30
00
FC
00
00
00
00
ENDCHAR
STARTCHAR uni2302
ENCODING 8962
SWIDTH 500 0
DWIDTH 8 0
BBX 8 16 0 -2
BITMAP
00
00
00
00
08
1C
6C
C6
C6
C6
FE
00
00
00
00
00
ENDCHAR
STARTCHAR uni2310
ENCODING 8976
SWIDTH 500 0
DWIDTH 8 0
BBX 8 16 0 -2
BITMAP
00
00
00
00
00
00
FE
C0
C0
C0
C0
00
00
00
00
00
ENDCHAR
STARTCHAR uni2320
ENCODING 8992
SWIDTH 500 0
DWIDTH 8 0
BBX 8 16 0 -2
BITMAP
00
00
07
1B
1B
0C
18
18
18
18
30
30
30
30
30
30
ENDCHAR
STARTCHAR uni2321
ENCODING 8993
SWIDTH 500 0
DWIDTH 8 0
BBX 8 16 0 -2
BITMAP
0C
0C
0C
0C
0C
0C
18
18
D8
D8
D8
E0
00
00
00
00
ENDCHAR
STARTCHAR uni23FB
ENCODING 9211
SWIDTH 500 0
DWIDTH 8 0
BBX 8 16 0 -2
BITMAP
00
00
00
10
10
54
92
92
82
44
38
00
00
00
00
00
ENDCHAR
STARTCHAR uni2500
ENCODING 9472
SWIDTH 500 0
DWIDTH 8 0
BBX 8 16 0 -2
BITMAP
00
00
00
00
00
00
00
FF
00
00
00
00
00
00
00
00
ENDCHAR
STARTCHAR uni2502
ENCODING 9474
SWIDTH 500 0
DWIDTH 8 0
BBX 8 16 0 -2
BITMAP
18
18
18
18
18
18
18
18
18
18
18
18
18
18
18
18
ENDCHAR
STARTCHAR uni250C
ENCODING 9484
SWIDTH 500 0
DWIDTH 8 0
BBX 8 16 0 -2
BITMAP
00
00
00
00
00
00
00
1F
18
18
18
18
18
18
18
18
ENDCHAR
STARTCHAR uni2510
ENCODING 9488
SWIDTH 500 0
DWIDTH 8 0
BBX 8 16 0 -2
BITMAP
00
00
00
00
00
00
00
F8
18
18
18
18
18
18
18
18
ENDCHAR
STARTCHAR uni2514
ENCODING 9492
SWIDTH 500 0
DWIDTH 8 0
BBX 8 16 0 -2
BITMAP
18
18
18
18
18
18
18
1F
00
00
00
00
00
00
00
00
ENDCHAR
STARTCHAR uni2518
ENCODING 9496
SWIDTH 500 0
DWIDTH 8 0
BBX 8 16 0 -2
BITMAP
18
18
18
18
18
18
18
F8
00
00
00
00
00
00
00
00
ENDCHAR
STARTCHAR uni251C
ENCODING 9500
SWIDTH 500 0
DWIDTH 8 0
BBX 8 16 0 -2
BITMAP
18
18
18
18
18
18
18
1F
18
18
18
18
18
18
18
18
ENDCHAR
STARTCHAR uni2524
ENCODING 9508
SWIDTH 500 0
DWIDTH 8 0
BBX 8 16 0 -2
BITMAP
18
18
18
18
18
18
18
F8
18
18
18
18
18
18
18
18
ENDCHAR
STARTCHAR uni252C
ENCODING 9516
SWIDTH 500 0
DWIDTH 8 0
BBX 8 16 0 -2
BITMAP
00
00
00
00
00
00
00
FF
18
18
18
18
18
18
18
18
ENDCHAR
STARTCHAR uni2534
ENCODING 9524
SWIDTH 500 0
DWIDTH 8 0
BBX 8 16 0 -2
BITMAP
18
18
18
18
18
18
18
FF
00
00
00
00
00
00
00
00
ENDCHAR
STARTCHAR uni253C
ENCODING 9532
SWIDTH 500 0
DWIDTH 8 0
BBX 8 16 0 -2
BITMAP
18
18
18
18
18
18
18
FF
18
18
18
18
18
18
18
18
ENDCHAR
STARTCHAR uni2550
ENCODING 9552
SWIDTH 500 0
DWIDTH 8 0
BBX 8 16 0 -2
BITMAP
00
00
00
00
00
FF
00
FF
00
00
00
00
00
00
00
00
ENDCHAR
STARTCHAR uni2551
ENCODING 9553
SWIDTH 500 0
DWIDTH 8 0
BBX 8 16 0 -2
BITMAP
36
36
36
36
36
36
36
36
36
36
36
36
36
36
36
36
ENDCHAR
STARTCHAR uni2552
ENCODING 9554
SWIDTH 500 0
DWIDTH 8 0
BBX 8 16 0 -2
BITMAP
00
00
00
00
00
1F
18
1F
18
18
18
18
18
18
18
18
ENDCHAR
STARTCHAR uni2553
ENCODING 9555
SWIDTH 500 0
DWIDTH 8 0
BBX 8 16 0 -2
BITMAP
00
00
00
00
00
00
00
3F
36
36
36
36
36
36
36
36
ENDCHAR
STARTCHAR uni2554
ENCODING 9556
SWIDTH 500 0
DWIDTH 8 0
BBX 8 16 0 -2
BITMAP
00
00
00
00
00
3F
30
37
36
36
36
36
36
36
36
36
ENDCHAR
STARTCHAR uni2555
ENCODING 9557
SWIDTH 500 0
DWIDTH 8 0
BBX 8 16 0 -2
BITMAP
00
00
00
00
00
F8
18
F8
18
18
18
18
18
18
18
18
ENDCHAR
STARTCHAR uni2556
ENCODING 9558
SWIDTH 500 0
DWIDTH 8 0
BBX 8 16 0 -2
BITMAP
00
00
00
00
00
00
00
FE
36
36
36
36
36
36
36
36
ENDCHAR
STARTCHAR uni2557
ENCODING 9559
SWIDTH 500 0
DWIDTH 8 0
BBX 8 16 0 -2
BITMAP
00
00
00
00
00
FE
06
F6
36
36
36
36
36
36
36
36
ENDCHAR
STARTCHAR uni2558
ENCODING 9560
SWIDTH 500 0
DWIDTH 8 0
BBX 8 16 0 -2
BITMAP
18
18
18
18
18
1F
18
1F
00
00
00
00
00
00
00
00
ENDCHAR
STARTCHAR uni2559
ENCODING 9561
SWIDTH 500 0
DWIDTH 8 0
BBX 8 16 0 -2
BITMAP
36
36
36
36
36
36
36
3F
00
00
00
00
00
00
00
00
ENDCHAR
STARTCHAR uni255A
ENCODING 9562
SWIDTH 500 0
DWIDTH 8 0
BBX 8 16 0 -2
BITMAP
36
36
36
36
36
37
30
3F
00
00
00
00
00
00
00
00
ENDCHAR
STARTCHAR uni255B
ENCODING 9563
SWIDTH 500 0
DWIDTH 8 0
BBX 8 16 0 -2
BITMAP
18
18
18
18
18
F8
18
F8
00
00
00
00
00
00
00
00
ENDCHAR
STARTCHAR uni255C
ENCODING 9564
SWIDTH 500 0
DWIDTH 8 0
BBX 8 16 0 -2
BITMAP
36
36
36
36
36
36
36
FE
00
00
00
00
00
00
00
00
ENDCHAR
STARTCHAR uni255D
ENCODING 9565
SWIDTH 500 0
DWIDTH 8 0
BBX 8 16 0 -2
BITMAP
36
36
36
36
36
F6
06
FE
00
00
00
00
00
00
00
00
ENDCHAR
STARTCHAR uni255E
ENCODING 9566
SWIDTH 500 0
DWIDTH 8 0
BBX 8 16 0 -2
BITMAP
18
18
18
18
18
1F
18
1F
18
18
18
18
18
18
18
18
ENDCHAR
STARTCHAR uni255F
ENCODING 9567
SWIDTH 500 0
DWIDTH 8 0
BBX 8 16 0 -2
BITMAP
36
36
36
36
36
36
36
37
36
36
36
36
36
36
36
36
ENDCHAR
STARTCHAR uni2560
ENCODING 9568
SWIDTH 500 0
DWIDTH 8 0
BBX 8 16 0 -2
BITMAP
36
36
36
36
36
37
30
37
36
36
36
36
36
36
36
36
ENDCHAR
STARTCHAR uni2561
ENCODING 9569
SWIDTH 500 0
DWIDTH 8 0
BBX 8 16 0 -2
BITMAP
18
18
18
18
18
F8
18
F8
18
18
18
18
18
18
18
18
ENDCHAR
STARTCHAR uni2562
ENCODING 9570
SWIDTH 500 0
DWIDTH 8 0
BBX 8 16 0 -2
BITMAP
36
36
36
36
36
36
36
F6
36
36
36
36
36
36
36
36
ENDCHAR
STARTCHAR uni2563
ENCODING 9571
SWIDTH 500 0
DWIDTH 8 0
BBX 8 16 0 -2
BITMAP
36
36
36
36
36
F6
06
F6
36
36
36
36
36
36
36
36
ENDCHAR
STARTCHAR uni2564
ENCODING 9572
SWIDTH 500 0
DWIDTH 8 0
BBX 8 16 0 -2
BITMAP
00
00
00
00
00
FF
00
FF
18
18
18
18
18
18
18
18
ENDCHAR
STARTCHAR uni2565
ENCODING 9573
SWIDTH 500 0
DWIDTH 8 0
BBX 8 16 0 -2
BITMAP
00
00
00
00
00
00
00
FF
36
36
36
36
36
36
36
36
ENDCHAR
STARTCHAR uni2566
ENCODING 9574
SWIDTH 500 0
DWIDTH 8 0
BBX 8 16 0 -2
BITMAP
00
00
00
00
00
FF
00
F7
36
36
36
36
36
36
36
36
ENDCHAR
STARTCHAR uni2567
ENCODING 9575
SWIDTH 500 0
DWIDTH 8 0
BBX 8 16 0 -2
BITMAP
18
18
18
18
18
FF
00
FF
00
00
00
00
00
00
00
00
ENDCHAR
STARTCHAR uni2568
ENCODING 9576
SWIDTH 500 0
DWIDTH 8 0
BBX 8 16 0 -2
BITMAP
36
36
36
36
36
36
36
FF
00
00
00
00
00
00
00
00
ENDCHAR
STARTCHAR uni2569
ENCODING 9577
SWIDTH 500 0
DWIDTH 8 0
BBX 8 16 0 -2
BITMAP
36
36
36
36
36
F7
00
FF
00
00
00
00
00
00
00
00
ENDCHAR
STARTCHAR uni256A
ENCODING 9578
SWIDTH 500 0
DWIDTH 8 0
BBX 8 16 0 -2
BITMAP
18
18
18
18
18
FF
18
FF
18
18
18
18
18
18
18
18
ENDCHAR
STARTCHAR uni256B
ENCODING 9579
SWIDTH 500 0
DWIDTH 8 0
BBX 8 16 0 -2
BITMAP
36
36
36
36
36
36
36
FF
36
36
36
36
36
36
36
36
ENDCHAR
STARTCHAR uni256C
ENCODING 9580
SWIDTH 500 0
DWIDTH 8 0
BBX 8 16 0 -2
BITMAP
36
36
36
36
36
F7
00
F7
36
36
36
36
36
36
36
36
ENDCHAR
STARTCHAR uni2580
ENCODING 9600
SWIDTH 500 0
DWIDTH 8 0
BBX 8 16 0 -2
BITMAP
FF
FF
FF
FF
FF
FF
FF
00
00
00
00
00
00
00
00
00
ENDCHAR
STARTCHAR uni2581
ENCODING 9601
SWIDTH 500 0
DWIDTH 8 0
BBX 8 16 0 -2
BITMAP
00
00
00
00
00
00
00
00
00
00
00
00
00
00
FF
FF
ENDCHAR
STARTCHAR uni2582
ENCODING 9602
SWIDTH 500 0
DWIDTH 8 0
BBX 8 16 0 -2
BITMAP
00
00
00
00
00
00
00
00
00
00
00
00
FF
FF
FF
FF
ENDCHAR
STARTCHAR uni2583
ENCODING 9603
SWIDTH 500 0
DWIDTH 8 0
BBX 8 16 0 -2
BITMAP
00
00
00
00
00
00
00
00
00
00
FF
FF
FF
FF
FF
FF
ENDCHAR
STARTCHAR uni2584
ENCODING 9604
SWIDTH 500 0
DWIDTH 8 0
BBX 8 16 0 -2
BITMAP
00
00
00
00
00
00
00
FF
FF
FF
FF
FF
FF
FF
FF
FF
ENDCHAR
STARTCHAR uni2585
ENCODING 9605
SWIDTH 500 0
DWIDTH 8 0
BBX 8 16 0 -2
BITMAP
00
00
00
00
00
00
FF
FF
FF
FF
FF
FF
FF
FF
FF
FF
ENDCHAR
STARTCHAR uni2586
ENCODING 9606
SWIDTH 500 0
DWIDTH 8 0
BBX 8 16 0 -2
BITMAP
00
00
00
00
FF
FF
FF
FF
FF
FF
FF
FF
FF
FF
FF
FF
ENDCHAR
STARTCHAR uni2587
ENCODING 9607
SWIDTH 500 0
DWIDTH 8 0
BBX 8 16 0 -2
BITMAP
00
00
FF
FF
FF
FF
FF
FF
FF
FF
FF
FF
FF
FF
FF
FF
ENDCHAR
STARTCHAR uni2588
ENCODING 9608
SWIDTH 500 0
DWIDTH 8 0
BBX 8 16 0 -2
BITMAP
FF
FF
FF
FF
FF
FF
FF
FF
FF
FF
FF
FF
FF
FF
FF
FF
ENDCHAR
STARTCHAR uni2589
ENCODING 9609
SWIDTH 500 0
DWIDTH 8 0
BBX 8 16 0 -2
BITMAP
FE
FE
FE
FE
FE
FE
FE
FE
FE
FE
FE
FE
FE
FE
FE
FE
ENDCHAR
STARTCHAR uni258A
ENCODING 9610
SWIDTH 500 0
DWIDTH 8 0
BBX 8 16 0 -2
BITMAP
FC
FC
FC
FC
FC
FC
FC
FC
FC
FC
FC
FC
FC
FC
FC
FC
ENDCHAR
STARTCHAR uni258B
ENCODING 9611
SWIDTH 500 0
DWIDTH 8 0
BBX 8 16 0 -2
BITMAP
F8
F8
F8
F8
F8
F8
F8
F8
F8
F8
F8
F8
F8
F8
F8
F8
ENDCHAR
STARTCHAR uni258C
ENCODING 9612
SWIDTH 500 0
DWIDTH 8 0
BBX 8 16 0 -2
BITMAP
F0
F0
F0
F0
F0
F0
F0
F0
F0
F0
F0
F0
F0
F0
F0
F0
ENDCHAR
STARTCHAR uni258D
ENCODING 9613
SWIDTH 500 0
DWIDTH 8 0
BBX 8 16 0 -2
BITMAP
E0
E0
E0
E0
E0
E0
E0
E0
E0
E0
E0
E0
E0
E0
E0
E0
ENDCHAR
STARTCHAR uni258E
ENCODING 9614
SWIDTH 500 0
DWIDTH 8 0
BBX 8 16 0 -2
BITMAP
C0
C0
C0
C0
C0
C0
C0
C0
C0
C0
C0
C0
C0
C0
C0
C0
ENDCHAR
STARTCHAR uni258F
ENCODING 9615
SWIDTH 500 0
DWIDTH 8 0
BBX 8 16 0 -2
BITMAP
80
80
80
80
80
80
80
80
80
80
80
80
80
80
80
80
ENDCHAR
STARTCHAR uni2590
ENCODING 9616
SWIDTH 500 0
DWIDTH 8 0
BBX 8 16 0 -2
BITMAP
0F
0F
0F
0F
0F
0F
0F
0F
0F
0F
0F
0F
0F
0F
0F
0F
ENDCHAR
STARTCHAR uni2591
ENCODING 9617
SWIDTH 500 0
DWIDTH 8 0
BBX 8 16 0 -2
BITMAP
11
44
11
44
11
44
11
44
11
44
11
44
11
44
11
44
ENDCHAR
STARTCHAR uni2592
ENCODING 9618
SWIDTH 500 0
DWIDTH 8 0
BBX 8 16 0 -2
BITMAP
55
AA
55
AA
55
AA
55
AA
55
AA
55
AA
55
AA
55
AA
ENDCHAR
STARTCHAR uni2593
ENCODING 9619
SWIDTH 500 0
DWIDTH 8 0
BBX 8 16 0 -2
BITMAP
DD
77
DD
77
DD
77
DD
77
DD
77
DD
77
DD
77
DD
77
ENDCHAR
STARTCHAR uni2594
ENCODING 9620
SWIDTH 500 0
DWIDTH 8 0
BBX 8 16 0 -2
BITMAP
FF
FF
00
00
00
00
00
00
00
00
00
00
00
00
00
00
ENDCHAR
STARTCHAR uni2595
ENCODING 9621
SWIDTH 500 0
DWIDTH 8 0
BBX 8 16 0 -2
BITMAP
01
01
01
01
01
01
01
01
01
01
01
01
01
01
01
01
ENDCHAR
STARTCHAR uni2596
ENCODING 9622
SWIDTH 500 0
DWIDTH 8 0
BBX 8 16 0 -2
BITMAP
00
00
00
00
00
00
00
00
F0
F0
F0
F0
F0
F0
F0
F0
ENDCHAR
STARTCHAR uni2597
ENCODING 9623
SWIDTH 500 0
DWIDTH 8 0
BBX 8 16 0 -2
BITMAP
00
00
00
00
00
00
00
00
0F
0F
0F
0F
0F
0F
0F
0F
ENDCHAR
STARTCHAR uni2598
ENCODING 9624
SWIDTH 500 0
DWIDTH 8 0
BBX 8 16 0 -2
BITMAP
F0
F0
F0
F0
F0
F0
F0
F0
00
00
00
00
00
00
00
00
ENDCHAR
STARTCHAR uni2599
ENCODING 9625
SWIDTH 500 0
DWIDTH 8 0
BBX 8 16 0 -2
BITMAP
F0
F0
F0
F0
F0
F0
F0
F0
FF
FF
FF
FF
FF
FF
FF
FF
ENDCHAR
STARTCHAR uni259A
ENCODING 9626
SWIDTH 500 0
DWIDTH 8 0
BBX 8 16 0 -2
BITMAP
F0
F0
F0
F0
F0
F0
F0
F0
0F
0F
0F
0F
0F
0F
0F
0F
ENDCHAR
STARTCHAR uni259B
ENCODING 9627
SWIDTH 500 0
DWIDTH 8 0
BBX 8 16 0 -2
BITMAP
FF
FF
FF
FF
FF
FF
FF
FF
F0
F0
F0
F0
F0
F0
F0
F0
ENDCHAR
STARTCHAR uni259C
ENCODING 9628
SWIDTH 500 0
DWIDTH 8 0
BBX 8 16 0 -2
BITMAP
FF
FF
FF
FF
FF
FF
FF
FF
0F
0F
0F
0F
0F
0F
0F
0F
ENDCHAR
STARTCHAR uni259D
ENCODING 9629
SWIDTH 500 0
DWIDTH 8 0
BBX 8 16 0 -2
BITMAP
0F
0F
0F
0F
0F
0F
0F
0F
00
00
00
00
00
00
00
00
ENDCHAR
STARTCHAR uni259E
ENCODING 9630
SWIDTH 500 0
DWIDTH 8 0
BBX 8 16 0 -2
BITMAP
0F
0F
0F
0F
0F
0F
0F
0F
F0
F0
F0
F0
F0
F0
F0
F0
ENDCHAR
STARTCHAR uni259F
ENCODING 9631
SWIDTH 500 0
DWIDTH 8 0
BBX 8 16 0 -2
BITMAP
0F
0F
0F
0F
0F
0F
0F
0F
FF
FF
FF
FF
FF
FF
FF
FF
ENDCHAR
STARTCHAR uni25A0
ENCODING 9632
SWIDTH 500 0
DWIDTH 8 0
BBX 8 16 0 -2
BITMAP
00
00
00
00
3E
3E
7C
7C
7C
7C
F8
00
00
00
00
00
ENDCHAR
STARTCHAR uni25AC
ENCODING 9644
SWIDTH 500 0
DWIDTH 8 0
BBX 8 16 0 -2
BITMAP
00
00
00
00
00
00
00
00
FE
FE
FE
FE
00
00
00
00
ENDCHAR
STARTCHAR uni25B2
ENCODING 9650
SWIDTH 500 0
DWIDTH 8 0
BBX 8 16 0 -2
BITMAP
00
00
00
00
08
1C
38
7C
7C
FE
FE
00
00
00
00
00
ENDCHAR
STARTCHAR uni25B6
ENCODING 9654
SWIDTH 500 0
DWIDTH 8 0
BBX 8 16 0 -2
BITMAP
00
40
60
70
78
7C
FE
F8
F0
E0
C0
80
00
00
00
00
ENDCHAR
STARTCHAR uni25BA
ENCODING 9658
SWIDTH 500 0
DWIDTH 8 0
BBX 8 16 0 -2
BITMAP
00
40
60
70
78
7C
FE
F8
F0
E0
C0
80
00
00
00
00
ENDCHAR
STARTCHAR uni25BC
ENCODING 9660
SWIDTH 500 0
DWIDTH 8 0
BBX 8 16 0 -2
BITMAP
00
00
00
00
7F
7F
7C
7C
38
38
20
00
00
00
00
00
ENDCHAR
STARTCHAR uni25C0
ENCODING 9664
SWIDTH 500 0
DWIDTH 8 0
BBX 8 16 0 -2
BITMAP
00
01
03
07
0F
1F
FE
3E
1E
0E
0C
04
00
00
00
00
ENDCHAR
STARTCHAR uni25C4
ENCODING 9668
SWIDTH 500 0
DWIDTH 8 0
BBX 8 16 0 -2
BITMAP
00
01
03
07
0F
1F
FE
3E
1E
0E
0C
04
00
00
00
00
ENDCHAR
STARTCHAR uni25CB
ENCODING 9675
SWIDTH 500 0
DWIDTH 8 0
BBX 8 16 0 -2
BITMAP
00
00
00
00
00
1E
66
42
42
66
78
00
00
00
00
00
ENDCHAR
STARTCHAR uni25D8
ENCODING 9688
SWIDTH 500 0
DWIDTH 8 0
BBX 8 16 0 -2
BITMAP
FF
FF
FF
FF
FF
FF
E7
C3
C3
E7
FF
FF
FF
FF
FF
FF
ENDCHAR
STARTCHAR uni25D9
ENCODING 9689
SWIDTH 500 0
DWIDTH 8 0
BBX 8 16 0 -2
BITMAP
FF
FF
FF
FF
FF
C3
99
BD
BD
99
C3
FF
FF
FF
FF
FF
ENDCHAR
STARTCHAR uni263A
ENCODING 9786
SWIDTH 500 0
DWIDTH 8 0
BBX 8 16 0 -2
BITMAP
00
00
3F
81
A5
81
81
BD
99
81
81
FC
00
00
00
00
ENDCHAR
STARTCHAR uni263B
ENCODING 9787
SWIDTH 500 0
DWIDTH 8 0
BBX 8 16 0 -2
BITMAP
00
00
3F
FF
DB
FF
FF
C3
E7
FF
FF
FC
00
00
00
00
ENDCHAR
STARTCHAR uni263C
ENCODING 9788
SWIDTH 500 0
DWIDTH 8 0
BBX 8 16 0 -2
BITMAP
00
00
00
0C
0C
DB
3C
E7
3C
DB
30
30
00
00
00
00
ENDCHAR
STARTCHAR uni2640
ENCODING 9792
SWIDTH 500 0
DWIDTH 8 0
BBX 8 16 0 -2
BITMAP
00
00
1E
33
33
33
66
3C
18
7E
30
30
00
00
00
00
ENDCHAR
STARTCHAR uni2642
ENCODING 9794
SWIDTH 500 0
DWIDTH 8 0
BBX 8 16 0 -2
BITMAP
00
00
0F
07
0D
19
78
CC
CC
CC
CC
F0
00
00
00
00
ENDCHAR
STARTCHAR uni2660
ENCODING 9824
SWIDTH 500 0
DWIDTH 8 0
BBX 8 16 0 -2
BITMAP
00
00
00
0C
1E
3F
FF
FF
7E
18
30
78
00
00
00
00
ENDCHAR
STARTCHAR uni2663
ENCODING 9827
SWIDTH 500 0
DWIDTH 8 0
BBX 8 16 0 -2
BITMAP
00
00
00
0C
1E
1E
E7
E7
E7
18
30
78
00
00
00
00
ENDCHAR
STARTCHAR uni2665
ENCODING 9829
SWIDTH 500 0
DWIDTH 8 0
BBX 8 16 0 -2
BITMAP
00
00
00
00
6C
FE
FE
FE
FE
7C
38
10
00
00
00
00
ENDCHAR
STARTCHAR uni2666
ENCODING 9830
SWIDTH 500 0
DWIDTH 8 0
BBX 8 16 0 -2
BITMAP
00
00
00
00
08
1C
7C
FE
7C
38
20
00
00
00
00
00
ENDCHAR
STARTCHAR uni266A
ENCODING 9834
SWIDTH 500 0
DWIDTH 8 0
BBX 8 16 0 -2
BITMAP
00
00
3F
33
3F
18
30
30
30
70
F0
E0
00
00
00
00
ENDCHAR
STARTCHAR uni266B
ENCODING 9835
SWIDTH 500 0
DWIDTH 8 0
BBX 8 16 0 -2
BITMAP
00
00
7F
63
7F
63
63
63
63
67
E7
E6
C0
00
00
00
ENDCHAR
STARTCHAR uni26A1
ENCODING 9889
SWIDTH 500 0
DWIDTH 8 0
BBX 8 16 0 -2
BITMAP
00
00
00
08
18
30
7C
18
30
20
00
00
00
00
00
00
ENDCHAR
STARTCHAR uni2800
ENCODING 10240
SWIDTH 500 0
DWIDTH 8 0
BBX 8 16 0 -2
BITMAP
00
00
00
00
00
00
00
00
00
00
00
00
00
00
00
00
ENDCHAR
STARTCHAR uni2801
ENCODING 10241
SWIDTH 500 0
DWIDTH 8 0
BBX 8 16 0 -2
BITMAP
00
00
20
20
00
00
00
00
00
00
00
00
00
00
00
00
ENDCHAR
STARTCHAR uni2802
ENCODING 10242
SWIDTH 500 0
DWIDTH 8 0
BBX 8 16 0 -2
BITMAP
00
00
00
00
00
20
20
00
00
00
00
00
00
00
00
00
ENDCHAR
STARTCHAR uni2803
ENCODING 10243
SWIDTH 500 0
DWIDTH 8 0
BBX 8 16 0 -2
BITMAP
00
00
20
20
00
20
20
00
00
00
00
00
00
00
00
00
ENDCHAR
STARTCHAR uni2804
ENCODING 10244
SWIDTH 500 0
DWIDTH 8 0
BBX 8 16 0 -2
BITMAP
00
00
00
00
00
00
00
00
20
20
00
00
00
00
00
00
ENDCHAR
STARTCHAR uni2805
ENCODING 10245
SWIDTH 500 0
DWIDTH 8 0
BBX 8 16 0 -2
BITMAP
00
00
20
20
00
00
00
00
20
20
00
00
00
00
00
00
ENDCHAR
STARTCHAR uni2806
ENCODING 10246
SWIDTH 500 0
DWIDTH 8 0
BBX 8 16 0 -2
BITMAP
00
00
00
00
00
20
20
00
20
20
00
00
00
00
00
00
ENDCHAR
STARTCHAR uni2807
ENCODING 10247
SWIDTH 500 0
DWIDTH 8 0
BBX 8 16 0 -2
BITMAP
00
00
20
20
00
20
20
00
20
20
00
00
00
00
00
00
ENDCHAR
STARTCHAR uni2808
ENCODING 10248
SWIDTH 500 0
DWIDTH 8 0
BBX 8 16 0 -2
BITMAP
00
00
04
04
00
00
00
00
00
00
00
00
00
00
00
00
ENDCHAR
STARTCHAR uni2809
ENCODING 10249
SWIDTH 500 0
DWIDTH 8 0
BBX 8 16 0 -2
BITMAP
00
00
24
24
00
00
00
00
00
00
00
00
00
00
00
00
ENDCHAR
STARTCHAR uni280A
ENCODING 10250
SWIDTH 500 0
DWIDTH 8 0
BBX 8 16 0 -2
BITMAP
00
00
04
04
00
20
20
00
00
00
00
00
00
00
00
00
ENDCHAR
STARTCHAR uni280B
ENCODING 10251
SWIDTH 500 0
DWIDTH 8 0
BBX 8 16 0 -2
BITMAP
00
00
24
24
00
20
20
00
00
00
00
00
00
00
00
00
ENDCHAR
STARTCHAR uni280C
ENCODING 10252
SWIDTH 500 0
DWIDTH 8 0
BBX 8 16 0 -2
BITMAP
00
00
04
04
00
00
00
00
20
20
00
00
00
00
00
00
ENDCHAR
STARTCHAR uni280D
ENCODING 10253
SWIDTH 500 0
DWIDTH 8 0
BBX 8 16 0 -2
BITMAP
00
00
24
24
00
00
00
00
20
20
00
00
00
00
00
00
ENDCHAR
STARTCHAR uni280E
ENCODING 10254
SWIDTH 500 0
DWIDTH 8 0
BBX 8 16 0 -2
BITMAP
00
00
04
04
00
20
20
00
20
20
00
00
00
00
00
00
ENDCHAR
STARTCHAR uni280F
ENCODING 10255
SWIDTH 500 0
DWIDTH 8 0
BBX 8 16 0 -2
BITMAP
00
00
24
24
00
20
20
00
20
20
00
00
00
00
00
00
ENDCHAR
STARTCHAR uni2810
ENCODING 10256
SWIDTH 500 0
DWIDTH 8 0
BBX 8 16 0 -2
BITMAP
00
00
00
00
00
04
04
00
00
00
00
00
00
00
00
00
ENDCHAR
STARTCHAR uni2811
ENCODING 10257
SWIDTH 500 0
DWIDTH 8 0
BBX 8 16 0 -2
BITMAP
00
00
20
20
00
04
04
00
00
00
00
00
00
00
00
00
ENDCHAR
STARTCHAR uni2812
ENCODING 10258
SWIDTH 500 0
DWIDTH 8 0
BBX 8 16 0 -2
BITMAP
00
00
00
00
00
24
24
00
00
00
00
00
00
00
00
00
ENDCHAR
STARTCHAR uni2813
ENCODING 10259
SWIDTH 500 0
DWIDTH 8 0
BBX 8 16 0 -2
BITMAP
00
00
20
20
00
24
24
00
00
00
00
00
00
00
00
00
ENDCHAR
STARTCHAR uni2814
ENCODING 10260
SWIDTH 500 0
DWIDTH 8 0
BBX 8 16 0 -2
BITMAP
00
00
00
00
00
04
04
00
20
20
00
00
00
00
00
00
ENDCHAR
STARTCHAR uni2815
ENCODING 10261
SWIDTH 500 0
DWIDTH 8 0
BBX 8 16 0 -2
BITMAP
00
00
20
20
00
04
04
00
20
20
00
00
00
00
00
00
ENDCHAR
STARTCHAR uni2816
ENCODING 10262
SWIDTH 500 0
DWIDTH 8 0
BBX 8 16 0 -2
BITMAP
00
00
00
00
00
24
24
00
20
20
00
00
00
00
00
00
ENDCHAR
STARTCHAR uni2817
ENCODING 10263
SWIDTH 500 0
DWIDTH 8 0
BBX 8 16 0 -2
BITMAP
00
00
20
20
00
24
24
00
20
20
00
00
00
00
00
00
ENDCHAR
STARTCHAR uni2818
ENCODING 10264
SWIDTH 500 0
DWIDTH 8 0
BBX 8 16 0 -2
BITMAP
00
00
04
04
00
04
04
00
00
00
00
00
00
00
00
00
ENDCHAR
STARTCHAR uni2819
ENCODING 10265
SWIDTH 500 0
DWIDTH 8 0
BBX 8 16 0 -2
BITMAP
00
00
24
24
00
04
04
00
00
00
00
00
00
00
00
00
ENDCHAR
STARTCHAR uni281A
ENCODING 10266
SWIDTH 500 0
DWIDTH 8 0
BBX 8 16 0 -2
BITMAP
00
00
04
04
00
24
24
00
00
00
00
00
00
00
00
00
ENDCHAR
STARTCHAR uni281B
ENCODING 10267
SWIDTH 500 0
DWIDTH 8 0
BBX 8 16 0 -2
BITMAP
00
00
24
24
00
24
24
00
00
00
00
00
00
00
00
00
ENDCHAR
STARTCHAR uni281C
ENCODING 10268
SWIDTH 500 0
DWIDTH 8 0
BBX 8 16 0 -2
BITMAP
00
00
04
04
00
04
04
00
20
20
00
00
00
00
00
00
ENDCHAR
STARTCHAR uni281D
ENCODING 10269
SWIDTH 500 0
DWIDTH 8 0
BBX 8 16 0 -2
BITMAP
00
00
24
24
00
04
04
00
20
20
00
00
00
00
00
00
ENDCHAR
STARTCHAR uni281E
ENCODING 10270
SWIDTH 500 0
DWIDTH 8 0
BBX 8 16 0 -2
BITMAP
00
00
04
04
00
24
24
00
20
20
00
00
00
00
00
00
ENDCHAR
STARTCHAR uni281F
ENCODING 10271
SWIDTH 500 0
DWIDTH 8 0
BBX 8 16 0 -2
BITMAP
00
00
24
24
00
24
24
00
20
20
00
00
00
00
00
00
ENDCHAR
STARTCHAR uni2820
ENCODING 10272
SWIDTH 500 0
DWIDTH 8 0
BBX 8 16 0 -2
BITMAP
00
00
00
00
00
00
00
00
04
04
00
00
00
00
00
00
ENDCHAR
STARTCHAR uni2821
ENCODING 10273
SWIDTH 500 0
DWIDTH 8 0
BBX 8 16 0 -2
BITMAP
00
00
20
20
00
00
00
00
04
04
00
00
00
00
00
00
ENDCHAR
STARTCHAR uni2822
ENCODING 10274
SWIDTH 500 0
DWIDTH 8 0
BBX 8 16 0 -2
BITMAP
00
00
00
00
00
20
20
00
04
04
00
00
00
00
00
00
ENDCHAR
STARTCHAR uni2823
ENCODING 10275
SWIDTH 500 0
DWIDTH 8 0
BBX 8 16 0 -2
BITMAP
00
00
20
20
00
20
20
00
04
04
00
00
00
00
00
00
ENDCHAR
STARTCHAR uni2824
ENCODING 10276
SWIDTH 500 0
DWIDTH 8 0
BBX 8 16 0 -2
BITMAP
00
00
00
00
00
00
00
00
24
24
00
00
00
00
00
00
ENDCHAR
STARTCHAR uni2825
ENCODING 10277
SWIDTH 500 0
DWIDTH 8 0
BBX 8 16 0 -2
BITMAP
00
00
20
20
00
00
00
00
24
24
00
00
00
00
00
00
ENDCHAR
STARTCHAR uni2826
ENCODING 10278
SWIDTH 500 0
DWIDTH 8 0
BBX 8 16 0 -2
BITMAP
00
00
00
00
00
20
20
00
24
24
00
00
00
00
00
00
ENDCHAR
STARTCHAR uni2827
ENCODING 10279
SWIDTH 500 0
DWIDTH 8 0
BBX 8 16 0 -2
BITMAP
00
00
20
20
00
20
20
00
24
24
00
00
00
00
00
00
ENDCHAR
STARTCHAR uni2828
ENCODING 10280
SWIDTH 500 0
DWIDTH 8 0
BBX 8 16 0 -2
BITMAP
00
00
04
04
00
00
00
00
04
04
00
00
00
00
00
00
ENDCHAR
STARTCHAR uni2829
ENCODING 10281
SWIDTH 500 0
DWIDTH 8 0
BBX 8 16 0 -2
BITMAP
00
00
24
24
00
00
00
00
04
04
00
00
00
00
00
00
ENDCHAR
STARTCHAR uni282A
ENCODING 10282
SWIDTH 500 0
DWIDTH 8 0
BBX 8 16 0 -2
BITMAP
00
00
04
04
00
20
20
00
04
04
00
00
00
00
00
00
ENDCHAR
STARTCHAR uni282B
ENCODING 10283
SWIDTH 500 0
DWIDTH 8 0
BBX 8 16 0 -2
BITMAP
00
00
24
24
00
20
20
00
04
04
00
00
00
00
00
00
ENDCHAR
STARTCHAR uni282C
ENCODING 10284
SWIDTH 500 0
DWIDTH 8 0
BBX 8 16 0 -2
BITMAP
00
00
04
04
00
00
00
00
24
24
00
00
00
00
00
00
ENDCHAR
STARTCHAR uni282D
ENCODING 10285
SWIDTH 500 0
DWIDTH 8 0
BBX 8 16 0 -2
BITMAP
00
00
24
24
00
00
00
00
24
24
00
00
00
00
00
00
ENDCHAR
STARTCHAR uni282E
ENCODING 10286
SWIDTH 500 0
DWIDTH 8 0
BBX 8 16 0 -2
BITMAP
00
00
04
04
00
20
20
00
24
24
00
00
00
00
00
00
ENDCHAR
STARTCHAR uni282F
ENCODING 10287
SWIDTH 500 0
DWIDTH 8 0
BBX 8 16 0 -2
BITMAP
00
00
24
24
00
20
20
00
24
24
00
00
00
00
00
00
ENDCHAR
STARTCHAR uni2830
ENCODING 10288
SWIDTH 500 0
DWIDTH 8 0
BBX 8 16 0 -2
BITMAP
00
00
00
00
00
04
04
00
04
04
00
00
00
00
00
00
ENDCHAR
STARTCHAR uni2831
ENCODING 10289
SWIDTH 500 0
DWIDTH 8 0
BBX 8 16 0 -2
BITMAP
00
00
20
20
00
04
04
00
04
04
00
00
00
00
00
00
ENDCHAR
STARTCHAR uni2832
ENCODING 10290
SWIDTH 500 0
DWIDTH 8 0
BBX 8 16 0 -2
BITMAP
00
00
00
00
00
24
24
00
04
04
00
00
00
00
00
00
ENDCHAR
STARTCHAR uni2833
ENCODING 10291
SWIDTH 500 0
DWIDTH 8 0
BBX 8 16 0 -2
BITMAP
00
00
20
20
00
24
24
00
04
04
00
00
00
00
00
00
ENDCHAR
STARTCHAR uni2834
ENCODING 10292
SWIDTH 500 0
DWIDTH 8 0
BBX 8 16 0 -2
BITMAP
00
00
00
00
00
04
04
00
24
24
00
00
00
00
00
00
ENDCHAR
STARTCHAR uni2835
ENCODING 10293
SWIDTH 500 0
DWIDTH 8 0
BBX 8 16 0 -2
BITMAP
00
00
20
20
00
04
04
00
24
24
00
00
00
00
00
00
ENDCHAR
STARTCHAR uni2836
ENCODING 10294
SWIDTH 500 0
DWIDTH 8 0
BBX 8 16 0 -2
BITMAP
00
00
00
00
00
24
24
00
24
24
00
00
00
00
00
00
ENDCHAR
STARTCHAR uni2837
ENCODING 10295
SWIDTH 500 0
DWIDTH 8 0
BBX 8 16 0 -2
BITMAP
00
00
20
20
00
24
24
00
24
24
00
00
00
00
00
00
ENDCHAR
STARTCHAR uni2838
ENCODING 10296
SWIDTH 500 0
DWIDTH 8 0
BBX 8 16 0 -2
BITMAP
00
00
04
04
00
04
04
00
04
04
00
00
00
00
00
00
ENDCHAR
STARTCHAR uni2839
ENCODING 10297
SWIDTH 500 0
DWIDTH 8 0
BBX 8 16 0 -2
BITMAP
00
00
24
24
00
04
04
00
04
04
00
00
00
00
00
00
ENDCHAR
STARTCHAR uni283A
ENCODING 10298
SWIDTH 500 0
DWIDTH 8 0
BBX 8 16 0 -2
BITMAP
00
00
04
04
00
24
24
00
04
04
00
00
00
00
00
00
ENDCHAR
STARTCHAR uni283B
ENCODING 10299
SWIDTH 500 0
DWIDTH 8 0
BBX 8 16 0 -2
BITMAP
00
00
24
24
00
24
24
00
04
04
00
00
00
00
00
00
ENDCHAR
STARTCHAR uni283C
ENCODING 10300
SWIDTH 500 0
DWIDTH 8 0
BBX 8 16 0 -2
BITMAP
00
00
04
04
00
04
04
00
24
24
00
00
00
00
00
00
ENDCHAR
STARTCHAR uni283D
ENCODING 10301
SWIDTH 500 0
DWIDTH 8 0
BBX 8 16 0 -2
BITMAP
00
00
24
24
00
04
04
00
24
24
00
00
00
00
00
00
ENDCHAR
STARTCHAR uni283E
ENCODING 10302
SWIDTH 500 0
DWIDTH 8 0
BBX 8 16 0 -2
BITMAP
00
00
04
04
00
24
24
00
24
24
00
00
00
00
00
00
ENDCHAR
STARTCHAR uni283F
ENCODING 10303
SWIDTH 500 0
DWIDTH 8 0
BBX 8 16 0 -2
BITMAP
00
00
24
24
00
24
24
00
24
24
00
00
00
00
00
00
ENDCHAR
STARTCHAR uni2840
ENCODING 10304
SWIDTH 500 0
DWIDTH 8 0
BBX 8 16 0 -2
BITMAP
00
00
00
00
00
00
00
00
00
00
00
20
20
00
00
00
ENDCHAR
STARTCHAR uni2841
ENCODING 10305
SWIDTH 500 0
DWIDTH 8 0
BBX 8 16 0 -2
BITMAP
00
00
20
20
00
00
00
00
00
00
00
20
20
00
00
00
ENDCHAR
STARTCHAR uni2842
ENCODING 10306
SWIDTH 500 0
DWIDTH 8 0
BBX 8 16 0 -2
BITMAP
00
00
00
00
00
20
20
00
00
00
00
20
20
00
00
00
ENDCHAR
STARTCHAR uni2843
ENCODING 10307
SWIDTH 500 0
DWIDTH 8 0
BBX 8 16 0 -2
BITMAP
00
00
20
20
00
20
20
00
00
00
00
20
20
00
00
00
ENDCHAR
STARTCHAR uni2844
ENCODING 10308
SWIDTH 500 0
DWIDTH 8 0
BBX 8 16 0 -2
BITMAP
00
00
00
00
00
00
00
00
20
20
00
20
20
00
00
00
ENDCHAR
STARTCHAR uni2845
ENCODING 10309
SWIDTH 500 0
DWIDTH 8 0
BBX 8 16 0 -2
BITMAP
00
00
20
20
00
00
00
00
20
20
00
20
20
00
00
00
ENDCHAR
STARTCHAR uni2846
ENCODING 10310
SWIDTH 500 0
DWIDTH 8 0
BBX 8 16 0 -2
BITMAP
00
00
00
00
00
20
20
00
20
20
00
20
20
00
00
00
ENDCHAR
STARTCHAR uni2847
ENCODING 10311
SWIDTH 500 0
DWIDTH 8 0
BBX 8 16 0 -2
BITMAP
00
00
20
20
00
20
20
00
20
20
00
20
20
00
00
00
ENDCHAR
STARTCHAR uni2848
ENCODING 10312
SWIDTH 500 0
DWIDTH 8 0
BBX 8 16 0 -2
BITMAP
00
00
04
04
00
00
00
00
00
00
00
20
20
00
00
00
ENDCHAR
STARTCHAR uni2849
ENCODING 10313
SWIDTH 500 0
DWIDTH 8 0
BBX 8 16 0 -2
BITMAP
00
00
24
24
00
00
00
00
00
00
00
20
20
00
00
00
ENDCHAR
STARTCHAR uni284A
ENCODING 10314
SWIDTH 500 0
DWIDTH 8 0
BBX 8 16 0 -2
BITMAP
00
00
04
04
00
20
20
00
00
00
00
20
20
00
00
00
ENDCHAR
STARTCHAR uni284B
ENCODING 10315
SWIDTH 500 0
DWIDTH 8 0
BBX 8 16 0 -2
BITMAP
00
00
24
24
00
20
20
00
00
00
00
20
20
00
00
00
ENDCHAR
STARTCHAR uni284C
ENCODING 10316
SWIDTH 500 0
DWIDTH 8 0
BBX 8 16 0 -2
BITMAP
00
00
04
04
00
00
00
00
20
20
00
20
20
00
00
00
ENDCHAR
STARTCHAR uni284D
ENCODING 10317
SWIDTH 500 0
DWIDTH 8 0
BBX 8 16 0 -2
BITMAP
00
00
24
24
00
00
00
00
20
20
00
20
20
00
00
00
ENDCHAR
STARTCHAR uni284E
ENCODING 10318
SWIDTH 500 0
DWIDTH 8 0
BBX 8 16 0 -2
BITMAP
00
00
04
04
00
20
20
00
20
20
00
20
20
00
00
00
ENDCHAR
STARTCHAR uni284F
ENCODING 10319
SWIDTH 500 0
DWIDTH 8 0
BBX 8 16 0 -2
BITMAP
00
00
24
24
00
20
20
00
20
20
00
20
20
00
00
00
ENDCHAR
STARTCHAR uni2850
ENCODING 10320
SWIDTH 500 0
DWIDTH 8 0
BBX 8 16 0 -2
BITMAP
00
00
00
00
00
04
04
00
00
00
00
20
20
00
00
00
ENDCHAR
STARTCHAR uni2851
ENCODING 10321
SWIDTH 500 0
DWIDTH 8 0
BBX 8 16 0 -2
BITMAP
00
00
20
20
00
04
04
00
00
00
00
20
20
00
00
00
ENDCHAR
STARTCHAR uni2852
ENCODING 10322
SWIDTH 500 0
DWIDTH 8 0
BBX 8 16 0 -2
BITMAP
00
00
00
00
00
24
24
00
00
00
00
20
20
00
00
00
ENDCHAR
STARTCHAR uni2853
ENCODING 10323
SWIDTH 500 0
DWIDTH 8 0
BBX 8 16 0 -2
BITMAP
00
00
20
20
00
24
24
00
00
00
00
20
20
00
00
00
ENDCHAR
STARTCHAR uni2854
ENCODING 10324
SWIDTH 500 0
DWIDTH 8 0
BBX 8 16 0 -2
BITMAP
00
00
00
00
00
04
04
00
20
20
00
20
20
00
00
00
ENDCHAR
STARTCHAR uni2855
ENCODING 10325
SWIDTH 500 0
DWIDTH 8 0
BBX 8 16 0 -2
BITMAP
00
00
20
20
00
04
04
00
20
20
00
20
20
00
00
00
ENDCHAR
STARTCHAR uni2856
ENCODING 10326
SWIDTH 500 0
DWIDTH 8 0
BBX 8 16 0 -2
BITMAP
00
00
00
00
00
24
24
00
20
20
00
20
20
00
00
00
ENDCHAR
STARTCHAR uni2857
ENCODING 10327
SWIDTH 500 0
DWIDTH 8 0
BBX 8 16 0 -2
BITMAP
00
00
20
20
00
24
24
00
20
20
00
20
20
00
00
00
ENDCHAR
STARTCHAR uni2858
ENCODING 10328
SWIDTH 500 0
DWIDTH 8 0
BBX 8 16 0 -2
BITMAP
00
00
04
04
00
04
04
00
00
00
00
20
20
00
00
00
ENDCHAR
STARTCHAR uni2859
ENCODING 10329
SWIDTH 500 0
DWIDTH 8 0
BBX 8 16 0 -2
BITMAP
00
00
24
24
00
04
04
00
00
00
00
20
20
00
00
00
ENDCHAR
STARTCHAR uni285A
ENCODING 10330
SWIDTH 500 0
DWIDTH 8 0
BBX 8 16 0 -2
BITMAP
00
00
04
04
00
24
24
00
00
00
00
20
20
00
00
00
ENDCHAR
STARTCHAR uni285B
ENCODING 10331
SWIDTH 500 0
DWIDTH 8 0
BBX 8 16 0 -2
BITMAP
00
00
24
24
00
24
24
00
00
00
00
20
20
00
00
00
ENDCHAR
STARTCHAR uni285C
ENCODING 10332
SWIDTH 500 0
DWIDTH 8 0
BBX 8 16 0 -2
BITMAP
00
00
04
04
00
04
04
00
20
20
00
20
20
00
00
00
ENDCHAR
STARTCHAR uni285D
ENCODING 10333
SWIDTH 500 0
DWIDTH 8 0
BBX 8 16 0 -2
BITMAP
00
00
24
24
00
04
04
00
20
20
00
20
20
00
00
00
ENDCHAR
STARTCHAR uni285E
ENCODING 10334
SWIDTH 500 0
DWIDTH 8 0
BBX 8 16 0 -2
BITMAP
00
00
04
04
00
24
24
00
20
20
00
20
20
00
00
00
ENDCHAR
STARTCHAR uni285F
ENCODING 10335
SWIDTH 500 0
DWIDTH 8 0
BBX 8 16 0 -2
BITMAP
00
00
24
24
00
24
24
00
20
20
00
20
20
00
00
00
ENDCHAR
STARTCHAR uni2860
ENCODING 10336
SWIDTH 500 0
DWIDTH 8 0
BBX 8 16 0 -2
BITMAP
00
00
00
00
00
00
00
00
04
04
00
20
20
00
00
00
ENDCHAR
STARTCHAR uni2861
ENCODING 10337
SWIDTH 500 0
DWIDTH 8 0
BBX 8 16 0 -2
BITMAP
00
00
20
20
00
00
00
00
04
04
00
20
20
00
00
00
ENDCHAR
STARTCHAR uni2862
ENCODING 10338
SWIDTH 500 0
DWIDTH 8 0
BBX 8 16 0 -2
BITMAP
00
00
00
00
00
20
20
00
04
04
00
20
20
00
00
00
ENDCHAR
STARTCHAR uni2863
ENCODING 10339
SWIDTH 500 0
DWIDTH 8 0
BBX 8 16 0 -2
BITMAP
00
00
20
20
00
20
20
00
04
04
00
20
20
00
00
00
ENDCHAR
STARTCHAR uni2864
ENCODING 10340
SWIDTH 500 0
DWIDTH 8 0
BBX 8 16 0 -2
BITMAP
00
00
00
00
00
00
00
00
24
24
00
20
20
00
00
00
ENDCHAR
STARTCHAR uni2865
ENCODING 10341
SWIDTH 500 0
DWIDTH 8 0
BBX 8 16 0 -2
BITMAP
00
00
20
20
00
00
00
00
24
24
00
20
20
00
00
00
ENDCHAR
STARTCHAR uni2866
ENCODING 10342
SWIDTH 500 0
DWIDTH 8 0
BBX 8 16 0 -2
BITMAP
00
00
00
00
00
20
20
00
24
24
00
20
20
00
00
00
ENDCHAR
STARTCHAR uni2867
ENCODING 10343
SWIDTH 500 0
DWIDTH 8 0
BBX 8 16 0 -2
BITMAP
00
00
20
20
00
20
20
00
24
24
00
20
20
00
00
00
ENDCHAR
STARTCHAR uni2868
ENCODING 10344
SWIDTH 500 0
DWIDTH 8 0
BBX 8 16 0 -2
BITMAP
00
00
04
04
00
00
00
00
04
04
00
20
20
00
00
00
ENDCHAR
STARTCHAR uni2869
ENCODING 10345
SWIDTH 500 0
DWIDTH 8 0
BBX 8 16 0 -2
BITMAP
00
00
24
24
00
00
00
00
04
04
00
20
20
00
00
00
ENDCHAR
STARTCHAR uni286A
ENCODING 10346
SWIDTH 500 0
DWIDTH 8 0
BBX 8 16 0 -2
BITMAP
00
00
04
04
00
20
20
00
04
04
00
20
20
00
00
00
ENDCHAR
STARTCHAR uni286B
ENCODING 10347
SWIDTH 500 0
DWIDTH 8 0
BBX 8 16 0 -2
BITMAP
00
00
24
24
00
20
20
00
04
04
00
20
20
00
00
00
ENDCHAR
STARTCHAR uni286C
ENCODING 10348
SWIDTH 500 0
DWIDTH 8 0
BBX 8 16 0 -2
BITMAP
00
00
04
04
00
00
00
00
24
24
00
20
20
00
00
00
ENDCHAR
STARTCHAR uni286D
ENCODING 10349
SWIDTH 500 0
DWIDTH 8 0
BBX 8 16 0 -2
BITMAP
00
00
24
24
00
00
00
00
24
24
00
20
20
00
00
00
ENDCHAR
STARTCHAR uni286E
ENCODING 10350
SWIDTH 500 0
DWIDTH 8 0
BBX 8 16 0 -2
BITMAP
00
00
04
04
00
20
20
00
24
24
00
20
20
00
00
00
ENDCHAR
STARTCHAR uni286F
ENCODING 10351
SWIDTH 500 0
DWIDTH 8 0
BBX 8 16 0 -2
BITMAP
00
00
24
24
00
20
20
00
24
24
00
20
20
00
00
00
ENDCHAR
STARTCHAR uni2870
ENCODING 10352
SWIDTH 500 0
DWIDTH 8 0
BBX 8 16 0 -2
BITMAP
00
00
00
00
00
04
04
00
04
04
00
20
20
00
00
00
ENDCHAR
STARTCHAR uni2871
ENCODING 10353
SWIDTH 500 0
DWIDTH 8 0
BBX 8 16 0 -2
BITMAP
00
00
20
20
00
04
04
00
04
04
00
20
20
00
00
00
ENDCHAR
STARTCHAR uni2872
ENCODING 10354
SWIDTH 500 0
DWIDTH 8 0
BBX 8 16 0 -2
BITMAP
00
00
00
00
00
24
24
00
04
04
00
20
20
00
00
00
ENDCHAR
STARTCHAR uni2873
ENCODING 10355
SWIDTH 500 0
DWIDTH 8 0
BBX 8 16 0 -2
BITMAP
00
00
20
20
00
24
24
00
04
04
00
20
20
00
00
00
ENDCHAR
STARTCHAR uni2874
ENCODING 10356
SWIDTH 500 0
DWIDTH 8 0
BBX 8 16 0 -2
BITMAP
00
00
00
00
00
04
04
00
24
24
00
20
20
00
00
00
ENDCHAR
STARTCHAR uni2875
ENCODING 10357
SWIDTH 500 0
DWIDTH 8 0
BBX 8 16 0 -2
BITMAP
00
00
20
20
00
04
04
00
24
24
00
20
20
00
00
00
ENDCHAR
STARTCHAR uni2876
ENCODING 10358
SWIDTH 500 0
DWIDTH 8 0
BBX 8 16 0 -2
BITMAP
00
00
00
00
00
24
24
00
24
24
00
20
20
00
00
00
ENDCHAR
STARTCHAR uni2877
ENCODING 10359
SWIDTH 500 0
DWIDTH 8 0
BBX 8 16 0 -2
BITMAP
00
00
20
20
00
24
24
00
24
24
00
20
20
00
00
00
ENDCHAR
STARTCHAR uni2878
ENCODING 10360
SWIDTH 500 0
DWIDTH 8 0
BBX 8 16 0 -2
BITMAP
00
00
04
04
00
04
04
00
04
04
00
20
20
00
00
00
ENDCHAR
STARTCHAR uni2879
ENCODING 10361
SWIDTH 500 0
DWIDTH 8 0
BBX 8 16 0 -2
BITMAP
00
00
24
24
00
04
04
00
04
04
00
20
20
00
00
00
ENDCHAR
STARTCHAR uni287A
ENCODING 10362
SWIDTH 500 0
DWIDTH 8 0
BBX 8 16 0 -2
BITMAP
00
00
04
04
00
24
24
00
04
04
00
20
20
00
00
00
ENDCHAR
STARTCHAR uni287B
ENCODING 10363
SWIDTH 500 0
DWIDTH 8 0
BBX 8 16 0 -2
BITMAP
00
00
24
24
00
24
24
00
04
04
00
20
20
00
00
00
ENDCHAR
STARTCHAR uni287C
ENCODING 10364
SWIDTH 500 0
DWIDTH 8 0
BBX 8 16 0 -2
BITMAP
00
00
04
04
00
04
04
00
24
24
00
20
20
00
00
00
ENDCHAR
STARTCHAR uni287D
ENCODING 10365
SWIDTH 500 0
DWIDTH 8 0
BBX 8 16 0 -2
BITMAP
00
00
24
24
00
04
04
00
24
24
00
20
20
00
00
00
ENDCHAR
STARTCHAR uni287E
ENCODING 10366
SWIDTH 500 0
DWIDTH 8 0
BBX 8 16 0 -2
BITMAP
00
00
04
04
00
24
24
00
24
24
00
20
20
00
00
00
ENDCHAR
STARTCHAR uni287F
ENCODING 10367
SWIDTH 500 0
DWIDTH 8 0
BBX 8 16 0 -2
BITMAP
00
00
24
24
00
24
24
00
24
24
00
20
20
00
00
00
ENDCHAR
STARTCHAR uni2880
ENCODING 10368
SWIDTH 500 0
DWIDTH 8 0
BBX 8 16 0 -2
BITMAP
00
00
00
00
00
00
00
00
00
00
00
04
04
00
00
00
ENDCHAR
STARTCHAR uni2881
ENCODING 10369
SWIDTH 500 0
DWIDTH 8 0
BBX 8 16 0 -2
BITMAP
00
00
20
20
00
00
00
00
00
00
00
04
04
00
00
00
ENDCHAR
STARTCHAR uni2882
ENCODING 10370
SWIDTH 500 0
DWIDTH 8 0
BBX 8 16 0 -2
BITMAP
00
00
00
00
00
20
20
00
00
00
00
04
04
00
00
00
ENDCHAR
STARTCHAR uni2883
ENCODING 10371
SWIDTH 500 0
DWIDTH 8 0
BBX 8 16 0 -2
BITMAP
00
00
20
20
00
20
20
00
00
00
00
04
04
00
00
00
ENDCHAR
STARTCHAR uni2884
ENCODING 10372
SWIDTH 500 0
DWIDTH 8 0
BBX 8 16 0 -2
BITMAP
00
00
00
00
00
00
00
00
20
20
00
04
04
00
00
00
ENDCHAR
STARTCHAR uni2885
ENCODING 10373
SWIDTH 500 0
DWIDTH 8 0
BBX 8 16 0 -2
BITMAP
00
00
20
20
00
00
00
00
20
20
00
04
04
00
00
00
ENDCHAR
STARTCHAR uni2886
ENCODING 10374
SWIDTH 500 0
DWIDTH 8 0
BBX 8 16 0 -2
BITMAP
00
00
00
00
00
20
20
00
20
20
00
04
04
00
00
00
ENDCHAR
STARTCHAR uni2887
ENCODING 10375
SWIDTH 500 0
DWIDTH 8 0
BBX 8 16 0 -2
BITMAP
00
00
20
20
00
20
20
00
20
20
00
04
04
00
00
00
ENDCHAR
STARTCHAR uni2888
ENCODING 10376
SWIDTH 500 0
DWIDTH 8 0
BBX 8 16 0 -2
BITMAP
00
00
04
04
00
00
00
00
00
00
00
04
04
00
00
00
ENDCHAR
STARTCHAR uni2889
ENCODING 10377
SWIDTH 500 0
DWIDTH 8 0
BBX 8 16 0 -2
BITMAP
00
00
24
24
00
00
00
00
00
00
00
04
04
00
00
00
ENDCHAR
STARTCHAR uni288A
ENCODING 10378
SWIDTH 500 0
DWIDTH 8 0
BBX 8 16 0 -2
BITMAP
00
00
04
04
00
20
20
00
00
00
00
04
04
00
00
00
ENDCHAR
STARTCHAR uni288B
ENCODING 10379
SWIDTH 500 0
DWIDTH 8 0
BBX 8 16 0 -2
BITMAP
00
00
24
24
00
20
20
00
00
00
00
04
04
00
00
00
ENDCHAR
STARTCHAR uni288C
ENCODING 10380
SWIDTH 500 0
DWIDTH 8 0
BBX 8 16 0 -2
BITMAP
00
00
04
04
00
00
00
00
20
20
00
04
04
00
00
00
ENDCHAR
STARTCHAR uni288D
ENCODING 10381
SWIDTH 500 0
DWIDTH 8 0
BBX 8 16 0 -2
BITMAP
00
00
24
24
00
00
00
00
20
20
00
04
04
00
00
00
ENDCHAR
STARTCHAR uni288E
ENCODING 10382
SWIDTH 500 0
DWIDTH 8 0
BBX 8 16 0 -2
BITMAP
00
00
04
04
00
20
20
00
20
20
00
04
04
00
00
00
ENDCHAR
STARTCHAR uni288F
ENCODING 10383
SWIDTH 500 0
DWIDTH 8 0
BBX 8 16 0 -2
BITMAP
00
00
24
24
00
20
20
00
20
20
00
04
04
00
00
00
ENDCHAR
STARTCHAR uni2890
ENCODING 10384
SWIDTH 500 0
DWIDTH 8 0
BBX 8 16 0 -2
BITMAP
00
00
00
00
00
04
04
00
00
00
00
04
04
00
00
00
ENDCHAR
STARTCHAR uni2891
ENCODING 10385
SWIDTH 500 0
DWIDTH 8 0
BBX 8 16 0 -2
BITMAP
00
00
20
20
00
04
04
00
00
00
00
04
04
00
00
00
ENDCHAR
STARTCHAR uni2892
ENCODING 10386
SWIDTH 500 0
DWIDTH 8 0
BBX 8 16 0 -2
BITMAP
00
00
00
00
00
24
24
00
00
00
00
04
04
00
00
00
ENDCHAR
STARTCHAR uni2893
ENCODING 10387
SWIDTH 500 0
DWIDTH 8 0
BBX 8 16 0 -2
BITMAP
00
00
20
20
00
24
24
00
00
00
00
04
04
00
00
00
ENDCHAR
STARTCHAR uni2894
ENCODING 10388
SWIDTH 500 0
DWIDTH 8 0
BBX 8 16 0 -2
BITMAP
00
00
00
00
00
04
04
00
20
20
00
04
04
00
00
00
ENDCHAR
STARTCHAR uni2895
ENCODING 10389
SWIDTH 500 0
DWIDTH 8 0
BBX 8 16 0 -2
BITMAP
00
00
20
20
00
04
04
00
20
20
00
04
04
00
00
00
ENDCHAR
STARTCHAR uni2896
ENCODING 10390
SWIDTH 500 0
DWIDTH 8 0
BBX 8 16 0 -2
BITMAP
00
00
00
00
00
24
24
00
20
20
00
04
04
00
00
00
ENDCHAR
STARTCHAR uni2897
ENCODING 10391
SWIDTH 500 0
DWIDTH 8 0
BBX 8 16 0 -2
BITMAP
00
00
20
20
00
24
24
00
20
20
00
04
04
00
00
00
ENDCHAR
STARTCHAR uni2898
ENCODING 10392
SWIDTH 500 0
DWIDTH 8 0
BBX 8 16 0 -2
BITMAP
00
00
04
04
00
04
04
00
00
00
00
04
04
00
00
00
ENDCHAR
STARTCHAR uni2899
ENCODING 10393
SWIDTH 500 0
DWIDTH 8 0
BBX 8 16 0 -2
BITMAP
00
00
24
24
00
04
04
00
00
00
00
04
04
00
00
00
ENDCHAR
STARTCHAR uni289A
ENCODING 10394
SWIDTH 500 0
DWIDTH 8 0
BBX 8 16 0 -2
BITMAP
00
00
04
04
00
24
24
00
00
00
00
04
04
00
00
00
ENDCHAR
STARTCHAR uni289B
ENCODING 10395
SWIDTH 500 0
DWIDTH 8 0
BBX 8 16 0 -2
BITMAP
00
00
24
24
00
24
24
00
00
00
00
04
04
00
00
00
ENDCHAR
STARTCHAR uni289C
ENCODING 10396
SWIDTH 500 0
DWIDTH 8 0
BBX 8 16 0 -2
BITMAP
00
00
04
04
00
04
04
00
20
20
00
04
04
00
00
00
ENDCHAR
STARTCHAR uni289D
ENCODING 10397
SWIDTH 500 0
DWIDTH 8 0
BBX 8 16 0 -2
BITMAP
00
00
24
24
00
04
04
00
20
20
00
04
04
00
00
00
ENDCHAR
STARTCHAR uni289E
ENCODING 10398
SWIDTH 500 0
DWIDTH 8 0
BBX 8 16 0 -2
BITMAP
00
00
04
04
00
24
24
00
20
20
00
04
04
00
00
00
ENDCHAR
STARTCHAR uni289F
ENCODING 10399
SWIDTH 500 0
DWIDTH 8 0
BBX 8 16 0 -2
BITMAP
00
00
24
24
00
24
24
00
20
20
00
04
04
00
00
00
ENDCHAR
STARTCHAR uni28A0
ENCODING 10400
SWIDTH 500 0
DWIDTH 8 0
BBX 8 16 0 -2
BITMAP
00
00
00
00
00
00
00
00
04
04
00
04
04
00
00
00
ENDCHAR
STARTCHAR uni28A1
ENCODING 10401
SWIDTH 500 0
DWIDTH 8 0
BBX 8 16 0 -2
BITMAP
00
00
20
20
00
00
00
00
04
04
00
04
04
00
00
00
ENDCHAR
STARTCHAR uni28A2
ENCODING 10402
SWIDTH 500 0
DWIDTH 8 0
BBX 8 16 0 -2
BITMAP
00
00
00
00
00
20
20
00
04
04
00
04
04
00
00
00
ENDCHAR
STARTCHAR uni28A3
ENCODING 10403
SWIDTH 500 0
DWIDTH 8 0
BBX 8 16 0 -2
BITMAP
00
00
20
20
00
20
20
00
04
04
00
04
04
00
00
00
ENDCHAR
STARTCHAR uni28A4
ENCODING 10404
SWIDTH 500 0
DWIDTH 8 0
BBX 8 16 0 -2
BITMAP
00
00
00
00
00
00
00
00
24
24
00
04
04
00
00
00
ENDCHAR
STARTCHAR uni28A5
ENCODING 10405
SWIDTH 500 0
DWIDTH 8 0
BBX 8 16 0 -2
BITMAP
00
00
20
20
00
00
00
00
24
24
00
04
04
00
00
00
ENDCHAR
STARTCHAR uni28A6
ENCODING 10406
SWIDTH 500 0
DWIDTH 8 0
BBX 8 16 0 -2
BITMAP
00
00
00
00
00
20
20
00
24
24
00
04
04
00
00
00
ENDCHAR
STARTCHAR uni28A7
ENCODING 10407
SWIDTH 500 0
DWIDTH 8 0
BBX 8 16 0 -2
BITMAP
00
00
20
20
00
20
20
00
24
24
00
04
04
00
00
00
ENDCHAR
STARTCHAR uni28A8
ENCODING 10408
SWIDTH 500 0
DWIDTH 8 0
BBX 8 16 0 -2
BITMAP
00
00
04
04
00
00
00
00
04
04
00
04
04
00
00
00
ENDCHAR
STARTCHAR uni28A9
ENCODING 10409
SWIDTH 500 0
DWIDTH 8 0
BBX 8 16 0 -2
BITMAP
00
00
24
24
00
00
00
00
04
04
00
04
04
00
00
00
ENDCHAR
STARTCHAR uni28AA
ENCODING 10410
SWIDTH 500 0
DWIDTH 8 0
BBX 8 16 0 -2
BITMAP
00
00
04
04
00
20
20
00
04
04
00
04
04
00
00
00
ENDCHAR
STARTCHAR uni28AB
ENCODING 10411
SWIDTH 500 0
DWIDTH 8 0
BBX 8 16 0 -2
BITMAP
00
00
24
24
00
20
20
00
04
04
00
04
04
00
00
00
ENDCHAR
STARTCHAR uni28AC
ENCODING 10412
SWIDTH 500 0
DWIDTH 8 0
BBX 8 16 0 -2
BITMAP
00
00
04
04
00
00
00
00
24
24
00
04
04
00
00
00
ENDCHAR
STARTCHAR uni28AD
ENCODING 10413
SWIDTH 500 0
DWIDTH 8 0
BBX 8 16 0 -2
BITMAP
00
00
24
24
00
00
00
00
24
24
00
04
04
00
00
00
ENDCHAR
STARTCHAR uni28AE
ENCODING 10414
SWIDTH 500 0
DWIDTH 8 0
BBX 8 16 0 -2
BITMAP
00
00
04
04
00
20
20
00
24
24
00
04
04
00
00
00
ENDCHAR
STARTCHAR uni28AF
ENCODING 10415
SWIDTH 500 0
DWIDTH 8 0
BBX 8 16 0 -2
BITMAP
00
00
24
24
00
20
20
00
24
24
00
04
04
00
00
00
ENDCHAR
STARTCHAR uni28B0
ENCODING 10416
SWIDTH 500 0
DWIDTH 8 0
BBX 8 16 0 -2
BITMAP
00
00
00
00
00
04
04
00
04
04
00
04
04
00
00
00
ENDCHAR
STARTCHAR uni28B1
ENCODING 10417
SWIDTH 500 0
DWIDTH 8 0
BBX 8 16 0 -2
BITMAP
00
00
20
20
00
04
04
00
04
04
00
04
04
00
00
00
ENDCHAR
STARTCHAR uni28B2
ENCODING 10418
SWIDTH 500 0
DWIDTH 8 0
BBX 8 16 0 -2
BITMAP
00
00
00
00
00
24
24
00
04
04
00
04
04
00
00
00
ENDCHAR
STARTCHAR uni28B3
ENCODING 10419
SWIDTH 500 0
DWIDTH 8 0
BBX 8 16 0 -2
BITMAP
00
00
20
20
00
24
24
00
04
04
00
04
04
00
00
00
ENDCHAR
STARTCHAR uni28B4
ENCODING 10420
SWIDTH 500 0
DWIDTH 8 0
BBX 8 16 0 -2
BITMAP
00
00
00
00
00
04
04
00
24
24
00
04
04
00
00
00
ENDCHAR
STARTCHAR uni28B5
ENCODING 10421
SWIDTH 500 0
DWIDTH 8 0
BBX 8 16 0 -2
BITMAP
00
00
20
20
00
04
04
00
24
24
00
04
04
00
00
00
ENDCHAR
STARTCHAR uni28B6
ENCODING 10422
SWIDTH 500 0
DWIDTH 8 0
BBX 8 16 0 -2
BITMAP
00
00
00
00
00
24
24
00
24
24
00
04
04
00
00
00
ENDCHAR
STARTCHAR uni28B7
ENCODING 10423
SWIDTH 500 0
DWIDTH 8 0
BBX 8 16 0 -2
BITMAP
00
00
20
20
00
24
24
00
24
24
00
04
04
00
00
00
ENDCHAR
STARTCHAR uni28B8
ENCODING 10424
SWIDTH 500 0
DWIDTH 8 0
BBX 8 16 0 -2
BITMAP
00
00
04
04
00
04
04
00
04
04
00
04
04
00
00
00
ENDCHAR
STARTCHAR uni28B9
ENCODING 10425
SWIDTH 500 0
DWIDTH 8 0
BBX 8 16 0 -2
BITMAP
00
00
24
24
00
04
04
00
04
04
00
04
04
00
00
00
ENDCHAR
STARTCHAR uni28BA
ENCODING 10426
SWIDTH 500 0
DWIDTH 8 0
BBX 8 16 0 -2
BITMAP
00
00
04
04
00
24
24
00
04
04
00
04
04
00
00
00
ENDCHAR
STARTCHAR uni28BB
ENCODING 10427
SWIDTH 500 0
DWIDTH 8 0
BBX 8 16 0 -2
BITMAP
00
00
24
24
00
24
24
00
04
04
00
04
04
00
00
00
ENDCHAR
STARTCHAR uni28BC
ENCODING 10428
SWIDTH 500 0
DWIDTH 8 0
BBX 8 16 0 -2
BITMAP
00
00
04
04
00
04
04
00
24
24
00
04
04
00
00
00
ENDCHAR
STARTCHAR uni28BD
ENCODING 10429
SWIDTH 500 0
DWIDTH 8 0
BBX 8 16 0 -2
BITMAP
00
00
24
24
00
04
04
00
24
24
00
04
04
00
00
00
ENDCHAR
STARTCHAR uni28BE
ENCODING 10430
SWIDTH 500 0
DWIDTH 8 0
BBX 8 16 0 -2
BITMAP
00
00
04
04
00
24
24
00
24
24
00
04
04
00
00
00
ENDCHAR
STARTCHAR uni28BF
ENCODING 10431
SWIDTH 500 0
DWIDTH 8 0
BBX 8 16 0 -2
BITMAP
00
00
24
24
00
24
24
00
24
24
00
04
04
00
00
00
ENDCHAR
STARTCHAR uni28C0
ENCODING 10432
SWIDTH 500 0
DWIDTH 8 0
BBX 8 16 0 -2
BITMAP
00
00
00
00
00
00
00
00
00
00
00
24
24
00
00
00
ENDCHAR
STARTCHAR uni28C1
ENCODING 10433
SWIDTH 500 0
DWIDTH 8 0
BBX 8 16 0 -2
BITMAP
00
00
20
20
00
00
00
00
00
00
00
24
24
00
00
00
ENDCHAR
STARTCHAR uni28C2
ENCODING 10434
SWIDTH 500 0
DWIDTH 8 0
BBX 8 16 0 -2
BITMAP
00
00
00
00
00
20
20
00
00
00
00
24
24
00
00
00
ENDCHAR
STARTCHAR uni28C3
ENCODING 10435
SWIDTH 500 0
DWIDTH 8 0
BBX 8 16 0 -2
BITMAP
00
00
20
20
00
20
20
00
00
00
00
24
24
00
00
00
ENDCHAR
STARTCHAR uni28C4
ENCODING 10436
SWIDTH 500 0
DWIDTH 8 0
BBX 8 16 0 -2
BITMAP
00
00
00
00
00
00
00
00
20
20
00
24
24
00
00
00
ENDCHAR
STARTCHAR uni28C5
ENCODING 10437
SWIDTH 500 0
DWIDTH 8 0
BBX 8 16 0 -2
BITMAP
00
00
20
20
00
00
00
00
20
20
00
24
24
00
00
00
ENDCHAR
STARTCHAR uni28C6
ENCODING 10438
SWIDTH 500 0
DWIDTH 8 0
BBX 8 16 0 -2
BITMAP
00
00
00
00
00
20
20
00
20
20
00
24
24
00
00
00
ENDCHAR
STARTCHAR uni28C7
ENCODING 10439
SWIDTH 500 0
DWIDTH 8 0
BBX 8 16 0 -2
BITMAP
00
00
20
20
00
20
20
00
20
20
00
24
24
00
00
00
ENDCHAR
STARTCHAR uni28C8
ENCODING 10440
SWIDTH 500 0
DWIDTH 8 0
BBX 8 16 0 -2
BITMAP
00
00
04
04
00
00
00
00
00
00
00
24
24
00
00
00
ENDCHAR
STARTCHAR uni28C9
ENCODING 10441
SWIDTH 500 0
DWIDTH 8 0
BBX 8 16 0 -2
BITMAP
00
00
24
24
00
00
00
00
00
00
00
24
24
00
00
00
ENDCHAR
STARTCHAR uni28CA
ENCODING 10442
SWIDTH 500 0
DWIDTH 8 0
BBX 8 16 0 -2
BITMAP
00
00
04
04
00
20
20
00
00
00
00
24
24
00
00
00
ENDCHAR
STARTCHAR uni28CB
ENCODING 10443
SWIDTH 500 0
DWIDTH 8 0
BBX 8 16 0 -2
BITMAP
00
00
24
24
00
20
20
00
00
00
00
24
24
00
00
00
ENDCHAR
STARTCHAR uni28CC
ENCODING 10444
SWIDTH 500 0
DWIDTH 8 0
BBX 8 16 0 -2
BITMAP
00
00
04
04
00
00
00
00
20
20
00
24
24
00
00
00
ENDCHAR
STARTCHAR uni28CD
ENCODING 10445
SWIDTH 500 0
DWIDTH 8 0
BBX 8 16 0 -2
BITMAP
00
00
24
24
00
00
00
00
20
20
00
24
24
00
00
00
ENDCHAR
STARTCHAR uni28CE
ENCODING 10446
SWIDTH 500 0
DWIDTH 8 0
BBX 8 16 0 -2
BITMAP
00
00
04
04
00
20
20
00
20
20
00
24
24
00
00
00
ENDCHAR
STARTCHAR uni28CF
ENCODING 10447
SWIDTH 500 0
DWIDTH 8 0
BBX 8 16 0 -2
BITMAP
00
00
24
24
00
20
20
00
20
20
00
24
24
00
00
00
ENDCHAR
STARTCHAR uni28D0
ENCODING 10448
SWIDTH 500 0
DWIDTH 8 0
BBX 8 16 0 -2
BITMAP
00
00
00
00
00
04
04
00
00
00
00
24
24
00
00
00
ENDCHAR
STARTCHAR uni28D1
ENCODING 10449
SWIDTH 500 0
DWIDTH 8 0
BBX 8 16 0 -2
BITMAP
00
00
20
20
00
04
04
00
00
00
00
24
24
00
00
00
ENDCHAR
STARTCHAR uni28D2
ENCODING 10450
SWIDTH 500 0
DWIDTH 8 0
BBX 8 16 0 -2
BITMAP
00
00
00
00
00
24
24
00
00
00
00
24
24
00
00
00
ENDCHAR
STARTCHAR uni28D3
ENCODING 10451
SWIDTH 500 0
DWIDTH 8 0
BBX 8 16 0 -2
BITMAP
00
00
20
20
00
24
24
00
00
00
00
24
24
00
00
00
ENDCHAR
STARTCHAR uni28D4
ENCODING 10452
SWIDTH 500 0
DWIDTH 8 0
BBX 8 16 0 -2
BITMAP
00
00
00
00
00
04
04
00
20
20
00
24
24
00
00
00
ENDCHAR
STARTCHAR uni28D5
ENCODING 10453
SWIDTH 500 0
DWIDTH 8 0
BBX 8 16 0 -2
BITMAP
00
00
20
20
00
04
04
00
20
20
00
24
24
00
00
00
ENDCHAR
STARTCHAR uni28D6
ENCODING 10454
SWIDTH 500 0
DWIDTH 8 0
BBX 8 16 0 -2
BITMAP
00
00
00
00
00
24
24
00
20
20
00
24
24
00
00
00
ENDCHAR
STARTCHAR uni28D7
ENCODING 10455
SWIDTH 500 0
DWIDTH 8 0
BBX 8 16 0 -2
BITMAP
00
00
20
20
00
24
24
00
20
20
00
24
24
00
00
00
ENDCHAR
STARTCHAR uni28D8
ENCODING 10456
SWIDTH 500 0
DWIDTH 8 0
BBX 8 16 0 -2
BITMAP
00
00
04
04
00
04
04
00
00
00
00
24
24
00
00
00
ENDCHAR
STARTCHAR uni28D9
ENCODING 10457
SWIDTH 500 0
DWIDTH 8 0
BBX 8 16 0 -2
BITMAP
00
00
24
24
00
04
04
00
00
00
00
24
24
00
00
00
ENDCHAR
STARTCHAR uni28DA
ENCODING 10458
SWIDTH 500 0
DWIDTH 8 0
BBX 8 16 0 -2
BITMAP
00
00
04
04
00
24
24
00
00
00
00
24
24
00
00
00
ENDCHAR
STARTCHAR uni28DB
ENCODING 10459
SWIDTH 500 0
DWIDTH 8 0
BBX 8 16 0 -2
BITMAP
00
00
24
24
00
24
24
00
00
00
00
24
24
00
00
00
ENDCHAR
STARTCHAR uni28DC
ENCODING 10460
SWIDTH 500 0
DWIDTH 8 0
BBX 8 16 0 -2
BITMAP
00
00
04
04
00
04
04
00
20
20
00
24
24
00
00
00
ENDCHAR
STARTCHAR uni28DD
ENCODING 10461
SWIDTH 500 0
DWIDTH 8 0
BBX 8 16 0 -2
BITMAP
00
00
24
24
00
04
04
00
20
20
00
24
24
00
00
00
ENDCHAR
STARTCHAR uni28DE
ENCODING 10462
SWIDTH 500 0
DWIDTH 8 0
BBX 8 16 0 -2
BITMAP
00
00
04
04
00
24
24
00
20
20
00
24
24
00
00
00
ENDCHAR
STARTCHAR uni28DF
ENCODING 10463
SWIDTH 500 0
DWIDTH 8 0
BBX 8 16 0 -2
BITMAP
00
00
24
24
00
24
24
00
20
20
00
24
24
00
00
00
ENDCHAR
STARTCHAR uni28E0
ENCODING 10464
SWIDTH 500 0
DWIDTH 8 0
BBX 8 16 0 -2
BITMAP
00
00
00
00
00
00
00
00
04
04
00
24
24
00
00
00
ENDCHAR
STARTCHAR uni28E1
ENCODING 10465
SWIDTH 500 0
DWIDTH 8 0
BBX 8 16 0 -2
BITMAP
00
00
20
20
00
00
00
00
04
04
00
24
24
00
00
00
ENDCHAR
STARTCHAR uni28E2
ENCODING 10466
SWIDTH 500 0
DWIDTH 8 0
BBX 8 16 0 -2
BITMAP
00
00
00
00
00
20
20
00
04
04
00
24
24
00
00
00
ENDCHAR
STARTCHAR uni28E3
ENCODING 10467
SWIDTH 500 0
DWIDTH 8 0
BBX 8 16 0 -2
BITMAP
00
00
20
20
00
20
20
00
04
04
00
24
24
00
00
00
ENDCHAR
STARTCHAR uni28E4
ENCODING 10468
SWIDTH 500 0
DWIDTH 8 0
BBX 8 16 0 -2
BITMAP
00
00
00
00
00
00
00
00
24
24
00
24
24
00
00
00
ENDCHAR
STARTCHAR uni28E5
ENCODING 10469
SWIDTH 500 0
DWIDTH 8 0
BBX 8 16 0 -2
BITMAP
00
00
20
20
00
00
00
00
24
24
00
24
24
00
00
00
ENDCHAR
STARTCHAR uni28E6
ENCODING 10470
SWIDTH 500 0
DWIDTH 8 0
BBX 8 16 0 -2
BITMAP
00
00
00
00
00
20
20
00
24
24
00
24
24
00
00
00
ENDCHAR
STARTCHAR uni28E7
ENCODING 10471
SWIDTH 500 0
DWIDTH 8 0
BBX 8 16 0 -2
BITMAP
00
00
20
20
00
20
20
00
24
24
00
24
24
00
00
00
ENDCHAR
STARTCHAR uni28E8
ENCODING 10472
SWIDTH 500 0
DWIDTH 8 0
BBX 8 16 0 -2
BITMAP
00
00
04
04
00
00
00
00
04
04
00
24
24
00
00
00
ENDCHAR
STARTCHAR uni28E9
ENCODING 10473
SWIDTH 500 0
DWIDTH 8 0
BBX 8 16 0 -2
BITMAP
00
00
24
24
00
00
00
00
04
04
00
24
24
00
00
00
ENDCHAR
STARTCHAR uni28EA
ENCODING 10474
SWIDTH 500 0
DWIDTH 8 0
BBX 8 16 0 -2
BITMAP
00
00
04
04
00
20
20
00
04
04
00
24
24
00
00
00
ENDCHAR
STARTCHAR uni28EB
ENCODING 10475
SWIDTH 500 0
DWIDTH 8 0
BBX 8 16 0 -2
BITMAP
00
00
24
24
00
20
20
00
04
04
00
24
24
00
00
00
ENDCHAR
STARTCHAR uni28EC
ENCODING 10476
SWIDTH 500 0
DWIDTH 8 0
BBX 8 16 0 -2
BITMAP
00
00
04
04
00
00
00
00
24
24
00
24
24
00
00
00
ENDCHAR
STARTCHAR uni28ED
ENCODING 10477
SWIDTH 500 0
DWIDTH 8 0
BBX 8 16 0 -2
BITMAP
00
00
24
24
00
00
00
00
24
24
00
24
24
00
00
00
ENDCHAR
STARTCHAR uni28EE
ENCODING 10478
SWIDTH 500 0
DWIDTH 8 0
BBX 8 16 0 -2
BITMAP
00
00
04
04
00
20
20
00
24
24
00
24
24
00
00
00
ENDCHAR
STARTCHAR uni28EF
ENCODING 10479
SWIDTH 500 0
DWIDTH 8 0
BBX 8 16 0 -2
BITMAP
00
00
24
24
00
20
20
00
24
24
00
24
24
00
00
00
ENDCHAR
STARTCHAR uni28F0
ENCODING 10480
SWIDTH 500 0
DWIDTH 8 0
BBX 8 16 0 -2
BITMAP
00
00
00
00
00
04
04
00
04
04
00
24
24
00
00
00
ENDCHAR
STARTCHAR uni28F1
ENCODING 10481
SWIDTH 500 0
DWIDTH 8 0
BBX 8 16 0 -2
BITMAP
00
00
20
20
00
04
04
00
04
04
00
24
24
00
00
00
ENDCHAR
STARTCHAR uni28F2
ENCODING 10482
SWIDTH 500 0
DWIDTH 8 0
BBX 8 16 0 -2
BITMAP
00
00
00
00
00
24
24
00
04
04
00
24
24
00
00
00
ENDCHAR
STARTCHAR uni28F3
ENCODING 10483
SWIDTH 500 0
DWIDTH 8 0
BBX 8 16 0 -2
BITMAP
00
00
20
20
00
24
24
00
04
04
00
24
24
00
00
00
ENDCHAR
STARTCHAR uni28F4
ENCODING 10484
SWIDTH 500 0
DWIDTH 8 0
BBX 8 16 0 -2
BITMAP
00
00
00
00
00
04
04
00
24
24
00
24
24
00
00
00
ENDCHAR
STARTCHAR uni28F5
ENCODING 10485
SWIDTH 500 0
DWIDTH 8 0
BBX 8 16 0 -2
BITMAP
00
00
20
20
00
04
04
00
24
24
00
24
24
00
00
00
ENDCHAR
STARTCHAR uni28F6
ENCODING 10486
SWIDTH 500 0
DWIDTH 8 0
BBX 8 16 0 -2
BITMAP
00
00
00
00
00
24
24
00
24
24
00
24
24
00
00
00
ENDCHAR
STARTCHAR uni28F7
ENCODING 10487
SWIDTH 500 0
DWIDTH 8 0
BBX 8 16 0 -2
BITMAP
00
00
20
20
00
24
24
00
24
24
00
24
24
00
00
00
ENDCHAR
STARTCHAR uni28F8
ENCODING 10488
SWIDTH 500 0
DWIDTH 8 0
BBX 8 16 0 -2
BITMAP
00
00
04
04
00
04
04
00
04
04
00
24
24
00
00
00
ENDCHAR
STARTCHAR uni28F9
ENCODING 10489
SWIDTH 500 0
DWIDTH 8 0
BBX 8 16 0 -2
BITMAP
00
00
24
24
00
04
04
00
04
04
00
24
24
00
00
00
ENDCHAR
STARTCHAR uni28FA
ENCODING 10490
SWIDTH 500 0
DWIDTH 8 0
BBX 8 16 0 -2
BITMAP
00
00
04
04
00
24
24
00
04
04
00
24
24
00
00
00
ENDCHAR
STARTCHAR uni28FB
ENCODING 10491
SWIDTH 500 0
DWIDTH 8 0
BBX 8 16 0 -2
BITMAP
00
00
24
24
00
24
24
00
04
04
00
24
24
00
00
00
ENDCHAR
STARTCHAR uni28FC
ENCODING 10492
SWIDTH 500 0
DWIDTH 8 0
BBX 8 16 0 -2
BITMAP
00
00
04
04
00
04
04
00
24
24
00
24
24
00
00
00
ENDCHAR
STARTCHAR uni28FD
ENCODING 10493
SWIDTH 500 0
DWIDTH 8 0
BBX 8 16 0 -2
BITMAP
00
00
24
24
00
04
04
00
24
24
00
24
24
00
00
00
ENDCHAR
STARTCHAR uni28FE
ENCODING 10494
SWIDTH 500 0
DWIDTH 8 0
BBX 8 16 0 -2
BITMAP
00
00
04
04
00
24
24
00
24
24
00
24
24
00
00
00
ENDCHAR
STARTCHAR uni28FF
ENCODING 10495
SWIDTH 500 0
DWIDTH 8 0
BBX 8 16 0 -2
BITMAP
00
00
24
24
00
24
24
00
24
24
00
24
24
00
00
00
ENDCHAR
STARTCHAR uniE0A0
ENCODING 57504
SWIDTH 500 0
DWIDTH 8 0
BBX 8 16 0 -2
BITMAP
00
00
38
28
38
10
1C
16
14
10
38
28
38
00
00
00
ENDCHAR
STARTCHAR uniE0A2
ENCODING 57506
SWIDTH 500 0
DWIDTH 8 0
BBX 8 16 0 -2
BITMAP
00
00
00
38
44
44
FE
82
92
92
82
FE
00
00
00
00
ENDCHAR
STARTCHAR uniE0B0
ENCODING 57520
SWIDTH 500 0
DWIDTH 8 0
BBX 8 16 0 -2
BITMAP
80
C0
E0
F0
F8
FC
FE
FF
FF
FE
FC
F8
F0
E0
C0
80
ENDCHAR
STARTCHAR uniE0B1
ENCODING 57521
SWIDTH 500 0
DWIDTH 8 0
BBX 8 16 0 -2
BITMAP
80
40
20
10
08
04
02
01
01
02
04
08
10
20
40
80
ENDCHAR
STARTCHAR uniE0B2
ENCODING 57522
SWIDTH 500 0
DWIDTH 8 0
BBX 8 16 0 -2
BITMAP
01
03
07
0F
1F
3F
7F
FF
FF
7F
3F
1F
0F
07
03
01
ENDCHAR
STARTCHAR uniE0B3
ENCODING 57523
SWIDTH 500 0
DWIDTH 8 0
BBX 8 16 0 -2
BITMAP
01
02
04
08
10
20
40
80
80
40
20
10
08
04
02
01
ENDCHAR
STARTCHAR uniE5FE
ENCODING 58878
SWIDTH 500 0
DWIDTH 8 0
BBX 8 16 0 -2
BITMAP
00
00
00
00
70
88
FE
80
FC
84
88
F0
00
00
00
00
ENDCHAR
STARTCHAR uniE5FF
ENCODING 58879
SWIDTH 500 0
DWIDTH 8 0
BBX 8 16 0 -2
BITMAP
00
00
00
00
70
88
FE
82
82
82
82
FE
00
00
00
00
ENDCHAR
STARTCHAR uniE605
ENCODING 58885
SWIDTH 500 0
DWIDTH 8 0
BBX 8 16 0 -2
BITMAP
00
00
00
FE
00
CC
AA
CC
AA
AC
00
FE
00
00
00
00
ENDCHAR
STARTCHAR uniE606
ENCODING 58886
SWIDTH 500 0
DWIDTH 8 0
BBX 8 16 0 -2
BITMAP
00
00
00
3C
34
3C
F8
82
3E
78
58
78
00
00
00
00
ENDCHAR
STARTCHAR uniE608
ENCODING 58888
SWIDTH 500 0
DWIDTH 8 0
BBX 8 16 0 -2
BITMAP
00
00
00
FE
00
30
28
30
20
20
00
FE
00
00
00
00
ENDCHAR
STARTCHAR uniE609
ENCODING 58889
SWIDTH 500 0
DWIDTH 8 0
BBX 8 16 0 -2
BITMAP
00
00
00
FE
00
28
38
38
28
28
00
FE
00
00
00
00
ENDCHAR
STARTCHAR uniE60B
ENCODING 58891
SWIDTH 500 0
DWIDTH 8 0
BBX 8 16 0 -2
BITMAP
00
00
00
00
28
44
44
82
44
44
28
00
00
00
00
00
ENDCHAR
STARTCHAR uniE60C
ENCODING 58892
SWIDTH 500 0
DWIDTH 8 0
BBX 8 16 0 -2
BITMAP
00
00
00
FE
00
26
28
24
A2
4C
00
FE
00
00
00
00
ENDCHAR
STARTCHAR uniE60E
ENCODING 58894
SWIDTH 500 0
DWIDTH 8 0
BBX 8 16 0 -2
BITMAP
00
00
00
FE
00
28
28
38
28
28
00
FE
00
00
00
00
ENDCHAR
STARTCHAR uniE612
ENCODING 58898
SWIDTH 500 0
DWIDTH 8 0
BBX 8 16 0 -2
BITMAP
00
00
F0
88
84
FE
82
82
82
82
82
82
FE
00
00
00
ENDCHAR
STARTCHAR uniE614
ENCODING 58900
SWIDTH 500 0
DWIDTH 8 0
BBX 8 16 0 -2
BITMAP
00
00
00
FE
00
66
88
84
82
6C
00
FE
00
00
00
00
ENDCHAR
STARTCHAR uniE61D
ENCODING 58909
SWIDTH 500 0
DWIDTH 8 0
BBX 8 16 0 -2
BITMAP
00
00
00
FE
00
60
84
8E
84
60
00
FE
00
00
00
00
ENDCHAR
STARTCHAR uniE61E
ENCODING 58910
SWIDTH 500 0
DWIDTH 8 0
BBX 8 16 0 -2
BITMAP
00
00
00
FE
00
18
20
20
20
18
00
FE
00
00
00
00
ENDCHAR
STARTCHAR uniE620
ENCODING 58912
SWIDTH 500 0
DWIDTH 8 0
BBX 8 16 0 -2
BITMAP
00
00
00
FE
00
20
20
20
20
38
00
FE
00
00
00
00
ENDCHAR
STARTCHAR uniE625
ENCODING 58917
SWIDTH 500 0
DWIDTH 8 0
BBX 8 16 0 -2
BITMAP
00
00
00
28
44
92
AA
92
44
28
00
00
00
00
00
00
ENDCHAR
STARTCHAR uniE627
ENCODING 58919
SWIDTH 500 0
DWIDTH 8 0
BBX 8 16 0 -2
BITMAP
00
00
00
FE
00
64
8A
AA
AA
64
00
FE
00
00
00
00
ENDCHAR
STARTCHAR uniE628
ENCODING 58920
SWIDTH 500 0
DWIDTH 8 0
BBX 8 16 0 -2
BITMAP
00
00
00
FE
00
E6
48
44
42
4C
00
FE
00
00
00
00
ENDCHAR
STARTCHAR uniE634
ENCODING 58932
SWIDTH 500 0
DWIDTH 8 0
BBX 8 16 0 -2
BITMAP
00
00
00
FE
00
28
28
30
28
28
00
FE
00
00
00
00
ENDCHAR
STARTCHAR uniE646
ENCODING 58950
SWIDTH 500 0
DWIDTH 8 0
BBX 8 16 0 -2
BITMAP
00
00
00
FE
00
60
84
8E
84
60
00
FE
00
00
00
00
ENDCHAR
STARTCHAR uniE648
ENCODING 58952
SWIDTH 500 0
DWIDTH 8 0
BBX 8 16 0 -2
BITMAP
00
00
00
FE
00
6A
8E
8A
8E
6A
00
FE
00
00
00
00
ENDCHAR
STARTCHAR uniE649
ENCODING 58953
SWIDTH 500 0
DWIDTH 8 0
BBX 8 16 0 -2
BITMAP
00
00
00
FE
00
18
20
20
20
18
00
FE
00
00
00
00
ENDCHAR
STARTCHAR uniE64E
ENCODING 58958
SWIDTH 500 0
DWIDTH 8 0
BBX 8 16 0 -2
BITMAP
00
00
F0
88
84
FE
82
82
82
82
82
82
FE
00
00
00
ENDCHAR
STARTCHAR uniE650
ENCODING 58960
SWIDTH 500 0
DWIDTH 8 0
BBX 8 16 0 -2
BITMAP
00
00
00
18
18
78
78
FE
FE
7C
38
00
00
00
00
00
ENDCHAR
STARTCHAR uniE654
ENCODING 58964
SWIDTH 500 0
DWIDTH 8 0
BBX 8 16 0 -2
BITMAP
00
00
00
38
44
92
92
92
82
92
44
38
00
00
00
00
ENDCHAR
STARTCHAR uniE65B
ENCODING 58971
SWIDTH 500 0
DWIDTH 8 0
BBX 8 16 0 -2
BITMAP
00
00
00
44
EE
FE
BA
FE
7C
38
38
6C
00
00
00
00
ENDCHAR
STARTCHAR uniE65D
ENCODING 58973
SWIDTH 500 0
DWIDTH 8 0
BBX 8 16 0 -2
BITMAP
00
00
00
10
38
5C
EE
5C
38
10
00
00
00
00
00
00
ENDCHAR
STARTCHAR uniE65E
ENCODING 58974
SWIDTH 500 0
DWIDTH 8 0
BBX 8 16 0 -2
BITMAP
00
00
00
FE
00
64
8A
AA
AA
64
00
FE
00
00
00
00
ENDCHAR
STARTCHAR uniE66A
ENCODING 58986
SWIDTH 500 0
DWIDTH 8 0
BBX 8 16 0 -2
BITMAP
00
00
00
38
44
92
82
92
92
92
44
38
00
00
00
00
ENDCHAR
STARTCHAR uniE66D
ENCODING 58989
SWIDTH 500 0
DWIDTH 8 0
BBX 8 16 0 -2
BITMAP
00
00
10
08
10
00
7C
46
46
7C
00
FE
00
00
00
00
ENDCHAR
STARTCHAR uniE68B
ENCODING 59019
SWIDTH 500 0
DWIDTH 8 0
BBX 8 16 0 -2
BITMAP
00
00
00
FE
00
30
28
30
28
28
00
FE
00
00
00
00
ENDCHAR
STARTCHAR uniE68F
ENCODING 59023
SWIDTH 500 0
DWIDTH 8 0
BBX 8 16 0 -2
BITMAP
00
00
00
70
88
88
88
70
18
0C
06
00
00
00
00
00
ENDCHAR
STARTCHAR uniE690
ENCODING 59024
SWIDTH 500 0
DWIDTH 8 0
BBX 8 16 0 -2
BITMAP
00
00
00
10
54
FE
44
D6
44
FE
54
10
00
00
00
00
ENDCHAR
STARTCHAR uniE691
ENCODING 59025
SWIDTH 500 0
DWIDTH 8 0
BBX 8 16 0 -2
BITMAP
00
00
00
FE
82
C2
A2
92
A2
CE
82
FE
00
00
00
00
ENDCHAR
STARTCHAR uniE699
ENCODING 59033
SWIDTH 500 0
DWIDTH 8 0
BBX 8 16 0 -2
BITMAP
00
00
00
FE
00
6A
8A
4E
2E
CA
00
FE
00
00
00
00
ENDCHAR
STARTCHAR uniE6AA
ENCODING 59050
SWIDTH 500 0
DWIDTH 8 0
BBX 8 16 0 -2
BITMAP
00
00
00
FE
82
FE
92
92
BA
92
92
FE
00
00
00
00
ENDCHAR
STARTCHAR uniE6B8
ENCODING 59064
SWIDTH 500 0
DWIDTH 8 0
BBX 8 16 0 -2
BITMAP
00
00
00
FE
00
66
88
84
82
6C
00
FE
00
00
00
00
ENDCHAR
STARTCHAR uniE702
ENCODING 59138
SWIDTH 500 0
DWIDTH 8 0
BBX 8 16 0 -2
BITMAP
00
00
00
10
38
5C
EE
5C
38
10
00
00
00
00
00
00
ENDCHAR
STARTCHAR uniE706
ENCODING 59142
SWIDTH 500 0
DWIDTH 8 0
BBX 8 16 0 -2
BITMAP
00
00
00
7C
82
FE
82
7C
82
7C
82
7C
00
00
00
00
ENDCHAR
STARTCHAR uniE709
ENCODING 59145
SWIDTH 500 0
DWIDTH 8 0
BBX 8 16 0 -2
BITMAP
00
00
00
44
EE
FE
BA
FE
7C
38
38
6C
00
00
00
00
ENDCHAR
STARTCHAR uniE70F
ENCODING 59151
SWIDTH 500 0
DWIDTH 8 0
BBX 8 16 0 -2
BITMAP
00
00
00
00
EE
AA
EE
00
EE
AA
EE
00
00
00
00
00
ENDCHAR
STARTCHAR uniE711
ENCODING 59153
SWIDTH 500 0
DWIDTH 8 0
BBX 8 16 0 -2
BITMAP
00
00
0C
18
00
6C
FE
F8
F8
FE
7C
6C
00
00
00
00
ENDCHAR
STARTCHAR uniE712
ENCODING 59154
SWIDTH 500 0
DWIDTH 8 0
BBX 8 16 0 -2
BITMAP
00
00
38
44
54
7C
38
6C
C6
C6
6C
EE
00
00
00
00
ENDCHAR
STARTCHAR uniE724
ENCODING 59172
SWIDTH 500 0
DWIDTH 8 0
BBX 8 16 0 -2
BITMAP
00
00
00
FE
00
64
8A
AA
AA
64
00
FE
00
00
00
00
ENDCHAR
STARTCHAR uniE725
ENCODING 59173
SWIDTH 500 0
DWIDTH 8 0
BBX 8 16 0 -2
BITMAP
00
00
38
28
38
10
1C
16
14
10
38
28
38
00
00
00
ENDCHAR
STARTCHAR uniE726
ENCODING 59174
SWIDTH 500 0
DWIDTH 8 0
BBX 8 16 0 -2
BITMAP
00
00
44
EE
44
54
5C
54
44
EE
44
00
00
00
00
00
ENDCHAR
STARTCHAR uniE727
ENCODING 59175
SWIDTH 500 0
DWIDTH 8 0
BBX 8 16 0 -2
BITMAP
00
00
44
EE
44
44
28
10
10
38
28
38
00
00
00
00
ENDCHAR
STARTCHAR uniE729
ENCODING 59177
SWIDTH 500 0
DWIDTH 8 0
BBX 8 16 0 -2
BITMAP
00
00
00
00
00
38
28
EE
28
38
00
00
00
00
00
00
ENDCHAR
STARTCHAR uniE736
ENCODING 59190
SWIDTH 500 0
DWIDTH 8 0
BBX 8 16 0 -2
BITMAP
00
00
00
FE
00
28
28
38
28
28
00
FE
00
00
00
00
ENDCHAR
STARTCHAR uniE738
ENCODING 59192
SWIDTH 500 0
DWIDTH 8 0
BBX 8 16 0 -2
BITMAP
00
00
10
08
10
00
7C
46
46
7C
00
FE
00
00
00
00
ENDCHAR
STARTCHAR uniE739
ENCODING 59193
SWIDTH 500 0
DWIDTH 8 0
BBX 8 16 0 -2
BITMAP
00
00
00
FE
00
CC
AA
CC
AA
AC
00
FE
00
00
00
00
ENDCHAR
STARTCHAR uniE73A
ENCODING 59194
SWIDTH 500 0
DWIDTH 8 0
BBX 8 16 0 -2
BITMAP
00
00
00
FE
00
28
28
28
28
38
00
FE
00
00
00
00
ENDCHAR
STARTCHAR uniE73C
ENCODING 59196
SWIDTH 500 0
DWIDTH 8 0
BBX 8 16 0 -2
BITMAP
00
00
00
3C
34
3C
F8
82
3E
78
58
78
00
00
00
00
ENDCHAR
STARTCHAR uniE73D
ENCODING 59197
SWIDTH 500 0
DWIDTH 8 0
BBX 8 16 0 -2
BITMAP
00
00
00
FE
00
30
28
30
20
20
00
FE
00
00
00
00
ENDCHAR
STARTCHAR uniE73E
ENCODING 59198
SWIDTH 500 0
DWIDTH 8 0
BBX 8 16 0 -2
BITMAP
00
00
00
FE
00
28
38
38
28
28
00
FE
00
00
00
00
ENDCHAR
STARTCHAR uniE749
ENCODING 59209
SWIDTH 500 0
DWIDTH 8 0
BBX 8 16 0 -2
BITMAP
00
00
00
FE
00
66
88
84
82
6C
00
FE
00
00
00
00
ENDCHAR
STARTCHAR uniE74E
ENCODING 59214
SWIDTH 500 0
DWIDTH 8 0
BBX 8 16 0 -2
BITMAP
00
00
00
FE
00
26
28
24
A2
4C
00
FE
00
00
00
00
ENDCHAR
STARTCHAR uniE755
ENCODING 59221
SWIDTH 500 0
DWIDTH 8 0
BBX 8 16 0 -2
BITMAP
00
00
00
FE
00
6A
8A
4E
2E
CA
00
FE
00
00
00
00
ENDCHAR
STARTCHAR uniE771
ENCODING 59249
SWIDTH 500 0
DWIDTH 8 0
BBX 8 16 0 -2
BITMAP
00
00
00
FE
00
18
20
20
20
18
00
FE
00
00
00
00
ENDCHAR
STARTCHAR uniE77D
ENCODING 59261
SWIDTH 500 0
DWIDTH 8 0
BBX 8 16 0 -2
BITMAP
00
00
00
FE
00
30
28
28
28
30
00
FE
00
00
00
00
ENDCHAR
STARTCHAR uniE795
ENCODING 59285
SWIDTH 500 0
DWIDTH 8 0
BBX 8 16 0 -2
BITMAP
00
00
00
FE
82
C2
A2
92
A2
CE
82
FE
00
00
00
00
ENDCHAR
STARTCHAR uniE7A3
ENCODING 59299
SWIDTH 500 0
DWIDTH 8 0
BBX 8 16 0 -2
BITMAP
00
00
00
FE
00
60
84
8E
84
60
00
FE
00
00
00
00
ENDCHAR
STARTCHAR uniE7A8
ENCODING 59304
SWIDTH 500 0
DWIDTH 8 0
BBX 8 16 0 -2
BITMAP
00
00
00
FE
00
30
28
30
28
28
00
FE
00
00
00
00
ENDCHAR
STARTCHAR uniE7B0
ENCODING 59312
SWIDTH 500 0
DWIDTH 8 0
BBX 8 16 0 -2
BITMAP
00
00
00
18
18
78
78
FE
FE
7C
38
00
00
00
00
00
ENDCHAR
STARTCHAR uniE7B2
ENCODING 59314
SWIDTH 500 0
DWIDTH 8 0
BBX 8 16 0 -2
BITMAP
00
00
00
FE
00
6A
8E
8A
8E
6A
00
FE
00
00
00
00
ENDCHAR
STARTCHAR uniE7BA
ENCODING 59322
SWIDTH 500 0
DWIDTH 8 0
BBX 8 16 0 -2
BITMAP
00
00
00
28
44
92
AA
92
44
28
00
00
00
00
00
00
ENDCHAR
STARTCHAR uniE81B
ENCODING 59419
SWIDTH 500 0
DWIDTH 8 0
BBX 8 16 0 -2
BITMAP
00
00
00
FE
00
28
28
30
28
28
00
FE
00
00
00
00
ENDCHAR
STARTCHAR uniE826
ENCODING 59430
SWIDTH 500 0
DWIDTH 8 0
BBX 8 16 0 -2
BITMAP
00
00
00
FE
00
20
20
20
20
38
00
FE
00
00
00
00
ENDCHAR
STARTCHAR uniE843
ENCODING 59459
SWIDTH 500 0
DWIDTH 8 0
BBX 8 16 0 -2
BITMAP
00
00
00
FE
00
AA
EA
E4
EA
AA
00
FE
00
00
00
00
ENDCHAR
STARTCHAR uniE8CA
ENCODING 59594
SWIDTH 500 0
DWIDTH 8 0
BBX 8 16 0 -2
BITMAP
00
00
00
FE
00
E6
48
44
42
4C
00
FE
00
00
00
00
ENDCHAR
STARTCHAR uniEA61
ENCODING 60001
SWIDTH 500 0
DWIDTH 8 0
BBX 8 16 0 -2
BITMAP
00
00
00
38
44
82
82
44
28
28
38
38
00
00
00
00
ENDCHAR
STARTCHAR uniEA64
ENCODING 60004
SWIDTH 500 0
DWIDTH 8 0
BBX 8 16 0 -2
BITMAP
00
00
44
EE
44
54
5C
54
44
EE
44
00
00
00
00
00
ENDCHAR
STARTCHAR uniEA66
ENCODING 60006
SWIDTH 500 0
DWIDTH 8 0
BBX 8 16 0 -2
BITMAP
00
00
00
00
F0
C8
A4
82
44
28
10
00
00
00
00
00
ENDCHAR
STARTCHAR uniEA6C
ENCODING 60012
SWIDTH 500 0
DWIDTH 8 0
BBX 8 16 0 -2
BITMAP
00
00
00
10
28
28
54
54
92
82
92
FE
00
00
00
00
ENDCHAR
STARTCHAR uniEA6D
ENCODING 60013
SWIDTH 500 0
DWIDTH 8 0
BBX 8 16 0 -2
BITMAP
00
00
00
70
88
88
88
70
18
0C
06
00
00
00
00
00
ENDCHAR
STARTCHAR uniEA70
ENCODING 60016
SWIDTH 500 0
DWIDTH 8 0
BBX 8 16 0 -2
BITMAP
00
00
00
00
00
38
6C
D6
6C
38
00
00
00
00
00
00
ENDCHAR
STARTCHAR uniEA73
ENCODING 60019
SWIDTH 500 0
DWIDTH 8 0
BBX 8 16 0 -2
BITMAP
00
00
00
06
0E
1C
38
70
E0
C0
00
00
00
00
00
00
ENDCHAR
STARTCHAR uniEA74
ENCODING 60020
SWIDTH 500 0
DWIDTH 8 0
BBX 8 16 0 -2
BITMAP
00
00
00
38
44
92
82
92
92
92
44
38
00
00
00
00
ENDCHAR
STARTCHAR uniEA75
ENCODING 60021
SWIDTH 500 0
DWIDTH 8 0
BBX 8 16 0 -2
BITMAP
00
00
00
38
44
44
FE
82
92
92
82
FE
00
00
00
00
ENDCHAR
STARTCHAR uniEA76
ENCODING 60022
SWIDTH 500 0
DWIDTH 8 0
BBX 8 16 0 -2
BITMAP
00
00
00
00
82
44
28
10
28
44
82
00
00
00
00
00
ENDCHAR
STARTCHAR uniEA7B
ENCODING 60027
SWIDTH 500 0
DWIDTH 8 0
BBX 8 16 0 -2
BITMAP
00
00
F0
88
84
FE
82
82
82
82
82
82
FE
00
00
00
ENDCHAR
STARTCHAR uniEA7C
ENCODING 60028
SWIDTH 500 0
DWIDTH 8 0
BBX 8 16 0 -2
BITMAP
00
00
00
00
00
00
00
00
92
92
00
00
00
00
00
00
ENDCHAR
STARTCHAR uniEA7E
ENCODING 60030
SWIDTH 500 0
DWIDTH 8 0
BBX 8 16 0 -2
BITMAP
00
00
00
6C
92
92
6C
00
6C
92
92
FE
00
00
00
00
ENDCHAR
STARTCHAR uniEA81
ENCODING 60033
SWIDTH 500 0
DWIDTH 8 0
BBX 8 16 0 -2
BITMAP
00
00
00
38
FE
00
7C
54
54
54
54
7C
00
00
00
00
ENDCHAR
STARTCHAR uniEA83
ENCODING 60035
SWIDTH 500 0
DWIDTH 8 0
BBX 8 16 0 -2
BITMAP
00
00
00
00
70
88
FE
82
82
82
82
FE
00
00
00
00
ENDCHAR
STARTCHAR uniEA84
ENCODING 60036
SWIDTH 500 0
DWIDTH 8 0
BBX 8 16 0 -2
BITMAP
00
00
00
44
EE
FE
BA
FE
7C
38
38
6C
00
00
00
00
ENDCHAR
STARTCHAR uniEA85
ENCODING 60037
SWIDTH 500 0
DWIDTH 8 0
BBX 8 16 0 -2
BITMAP
00
00
00
FE
82
C2
A2
92
A2
CE
82
FE
00
00
00
00
ENDCHAR
STARTCHAR uniEA87
ENCODING 60039
SWIDTH 500 0
DWIDTH 8 0
BBX 8 16 0 -2
BITMAP
00
00
00
38
44
92
92
92
82
92
44
38
00
00
00
00
ENDCHAR
STARTCHAR uniEAA5
ENCODING 60069
SWIDTH 500 0
DWIDTH 8 0
BBX 8 16 0 -2
BITMAP
00
00
00
7C
44
44
44
44
54
6C
44
00
00
00
00
00
ENDCHAR
STARTCHAR uniEAAF
ENCODING 60079
SWIDTH 500 0
DWIDTH 8 0
BBX 8 16 0 -2
BITMAP
00
00
00
44
38
54
7C
D6
7C
D6
7C
28
00
00
00
00
ENDCHAR
STARTCHAR uniEAB0
ENCODING 60080
SWIDTH 500 0
DWIDTH 8 0
BBX 8 16 0 -2
BITMAP
00
00
00
44
FE
44
FE
82
AA
82
AA
FE
00
00
00
00
ENDCHAR
STARTCHAR uniEAB2
ENCODING 60082
SWIDTH 500 0
DWIDTH 8 0
BBX 8 16 0 -2
BITMAP
00
00
00
00
00
02
06
8C
D8
70
20
00
00
00
00
00
ENDCHAR
STARTCHAR uniEAB6
ENCODING 60086
SWIDTH 500 0
DWIDTH 8 0
BBX 8 16 0 -2
BITMAP
00
00
00
00
00
40
20
10
20
40
00
00
00
00
00
00
ENDCHAR
STARTCHAR uniEAC2
ENCODING 60098
SWIDTH 500 0
DWIDTH 8 0
BBX 8 16 0 -2
BITMAP
00
00
00
10
10
10
54
38
10
00
82
FE
00
00
00
00
ENDCHAR
STARTCHAR uniEAC3
ENCODING 60099
SWIDTH 500 0
DWIDTH 8 0
BBX 8 16 0 -2
BITMAP
00
00
00
10
38
54
10
10
10
00
82
FE
00
00
00
00
ENDCHAR
STARTCHAR uniEACE
ENCODING 60110
SWIDTH 500 0
DWIDTH 8 0
BBX 8 16 0 -2
BITMAP
00
00
00
7C
82
FE
82
7C
82
7C
82
7C
00
00
00
00
ENDCHAR
STARTCHAR uniEAD0
ENCODING 60112
SWIDTH 500 0
DWIDTH 8 0
BBX 8 16 0 -2
BITMAP
00
00
00
10
10
54
92
92
82
44
38
00
00
00
00
00
ENDCHAR
STARTCHAR uniEAD1
ENCODING 60113
SWIDTH 500 0
DWIDTH 8 0
BBX 8 16 0 -2
BITMAP
00
00
00
00
6C
6C
6C
6C
6C
6C
6C
00
00
00
00
00
ENDCHAR
STARTCHAR uniEAD7
ENCODING 60119
SWIDTH 500 0
DWIDTH 8 0
BBX 8 16 0 -2
BITMAP
00
00
00
00
7C
7C
7C
7C
7C
7C
7C
00
00
00
00
00
ENDCHAR
STARTCHAR uniEAE9
ENCODING 60137
SWIDTH 500 0
DWIDTH 8 0
BBX 8 16 0 -2
BITMAP
00
00
F0
88
84
FE
82
A2
C6
A2
82
82
FE
00
00
00
ENDCHAR
STARTCHAR uniEAEA
ENCODING 60138
SWIDTH 500 0
DWIDTH 8 0
BBX 8 16 0 -2
BITMAP
00
00
00
FE
82
A2
82
8A
96
A2
C2
FE
00
00
00
00
ENDCHAR
STARTCHAR uniEAEF
ENCODING 60143
SWIDTH 500 0
DWIDTH 8 0
BBX 8 16 0 -2
BITMAP
00
00
00
FE
82
FE
92
92
BA
92
92
FE
00
00
00
00
ENDCHAR
STARTCHAR uniEAF1
ENCODING 60145
SWIDTH 500 0
DWIDTH 8 0
BBX 8 16 0 -2
BITMAP
00
00
00
00
FE
7C
38
10
10
10
30
00
00
00
00
00
ENDCHAR
STARTCHAR uniEAF7
ENCODING 60151
SWIDTH 500 0
DWIDTH 8 0
BBX 8 16 0 -2
BITMAP
00
00
00
00
70
88
FE
80
FC
84
88
F0
00
00
00
00
ENDCHAR
STARTCHAR uniEAFC
ENCODING 60156
SWIDTH 500 0
DWIDTH 8 0
BBX 8 16 0 -2
BITMAP
00
00
00
00
00
38
28
EE
28
38
00
00
00
00
00
00
ENDCHAR
STARTCHAR uniEAFE
ENCODING 60158
SWIDTH 500 0
DWIDTH 8 0
BBX 8 16 0 -2
BITMAP
00
00
44
EE
44
44
28
10
10
38
28
38
00
00
00
00
ENDCHAR
STARTCHAR uniEB01
ENCODING 60161
SWIDTH 500 0
DWIDTH 8 0
BBX 8 16 0 -2
BITMAP
00
00
00
38
28
38
10
7C
44
EE
AA
EE
00
00
00
00
ENDCHAR
STARTCHAR uniEB05
ENCODING 60165
SWIDTH 500 0
DWIDTH 8 0
BBX 8 16 0 -2
BITMAP
00
00
00
00
6C
FE
FE
FE
7C
38
10
00
00
00
00
00
ENDCHAR
STARTCHAR uniEB06
ENCODING 60166
SWIDTH 500 0
DWIDTH 8 0
BBX 8 16 0 -2
BITMAP
00
00
00
10
38
6C
C6
82
BA
AA
AA
EE
00
00
00
00
ENDCHAR
STARTCHAR uniEB0F
ENCODING 60175
SWIDTH 500 0
DWIDTH 8 0
BBX 8 16 0 -2
BITMAP
00
00
00
00
28
44
44
82
44
44
28
00
00
00
00
00
ENDCHAR
STARTCHAR uniEB11
ENCODING 60177
SWIDTH 500 0
DWIDTH 8 0
BBX 8 16 0 -2
BITMAP
00
00
00
60
90
90
60
30
18
0C
0A
00
00
00
00
00
ENDCHAR
STARTCHAR uniEB14
ENCODING 60180
SWIDTH 500 0
DWIDTH 8 0
BBX 8 16 0 -2
BITMAP
00
00
00
1E
06
0A
92
A2
C2
82
82
FE
00
00
00
00
ENDCHAR
STARTCHAR uniEB15
ENCODING 60181
SWIDTH 500 0
DWIDTH 8 0
BBX 8 16 0 -2
BITMAP
00
00
00
00
0C
12
24
58
24
48
30
00
00
00
00
00
ENDCHAR
STARTCHAR uniEB1C
ENCODING 60188
SWIDTH 500 0
DWIDTH 8 0
BBX 8 16 0 -2
BITMAP
00
00
00
00
FE
C6
AA
92
82
82
FE
00
00
00
00
00
ENDCHAR
STARTCHAR uniEB24
ENCODING 60196
SWIDTH 500 0
DWIDTH 8 0
BBX 8 16 0 -2
BITMAP
00
00
00
00
08
18
38
EA
E4
3A
18
08
00
00
00
00
ENDCHAR
STARTCHAR uniEB29
ENCODING 60201
SWIDTH 500 0
DWIDTH 8 0
BBX 8 16 0 -2
BITMAP
00
00
00
38
6C
D6
AA
92
82
C6
6C
38
00
00
00
00
ENDCHAR
STARTCHAR uniEB2C
ENCODING 60204
SWIDTH 500 0
DWIDTH 8 0
BBX 8 16 0 -2
BITMAP
00
00
00
00
40
60
70
78
70
60
40
00
00
00
00
00
ENDCHAR
STARTCHAR uniEB32
ENCODING 60210
SWIDTH 500 0
DWIDTH 8 0
BBX 8 16 0 -2
BITMAP
00
00
00
38
44
82
04
18
10
00
10
00
00
00
00
00
ENDCHAR
STARTCHAR uniEB34
ENCODING 60212
SWIDTH 500 0
DWIDTH 8 0
BBX 8 16 0 -2
BITMAP
00
00
00
00
7C
82
38
44
10
28
00
10
00
00
00
00
ENDCHAR
STARTCHAR uniEB37
ENCODING 60215
SWIDTH 500 0
DWIDTH 8 0
BBX 8 16 0 -2
BITMAP
00
00
00
3C
42
82
8E
00
E2
82
84
78
00
00
00
00
ENDCHAR
STARTCHAR uniEB4B
ENCODING 60235
SWIDTH 500 0
DWIDTH 8 0
BBX 8 16 0 -2
BITMAP
00
00
00
FE
82
82
82
82
82
FE
8A
FE
00
00
00
00
ENDCHAR
STARTCHAR uniEB50
ENCODING 60240
SWIDTH 500 0
DWIDTH 8 0
BBX 8 16 0 -2
BITMAP
00
00
00
FE
8A
FE
00
FE
8A
FE
00
FE
8A
FE
00
00
ENDCHAR
STARTCHAR uniEB51
ENCODING 60241
SWIDTH 500 0
DWIDTH 8 0
BBX 8 16 0 -2
BITMAP
00
00
00
10
54
FE
44
D6
44
FE
54
10
00
00
00
00
ENDCHAR
STARTCHAR uniEB52
ENCODING 60242
SWIDTH 500 0
DWIDTH 8 0
BBX 8 16 0 -2
BITMAP
00
00
00
44
44
EE
44
44
44
5C
44
44
00
00
00
00
ENDCHAR
STARTCHAR uniEB59
ENCODING 60249
SWIDTH 500 0
DWIDTH 8 0
BBX 8 16 0 -2
BITMAP
00
00
00
10
10
FE
7C
38
6C
44
00
00
00
00
00
00
ENDCHAR
STARTCHAR uniEB74
ENCODING 60276
SWIDTH 500 0
DWIDTH 8 0
BBX 8 16 0 -2
BITMAP
00
00
00
38
44
40
FE
82
92
92
82
FE
00
00
00
00
ENDCHAR
STARTCHAR uniEB75
ENCODING 60277
SWIDTH 500 0
DWIDTH 8 0
BBX 8 16 0 -2
BITMAP
00
00
00
00
08
1A
3A
EA
EA
3A
1A
08
00
00
00
00
ENDCHAR
STARTCHAR uniEB94
ENCODING 60308
SWIDTH 500 0
DWIDTH 8 0
BBX 8 16 0 -2
BITMAP
00
00
00
00
FE
00
00
FE
00
00
FE
00
00
00
00
00
ENDCHAR
STARTCHAR uniEB99
ENCODING 60313
SWIDTH 500 0
DWIDTH 8 0
BBX 8 16 0 -2
BITMAP
00
00
00
38
44
44
38
00
38
44
82
FE
00
00
00
00
ENDCHAR
STARTCHAR uniEBAA
ENCODING 60330
SWIDTH 500 0
DWIDTH 8 0
BBX 8 16 0 -2
BITMAP
00
00
00
00
00
38
44
C2
82
82
7C
00
00
00
00
00
ENDCHAR
STARTCHAR uniEBC5
ENCODING 60357
SWIDTH 500 0
DWIDTH 8 0
BBX 8 16 0 -2
BITMAP
00
00
00
FE
00
30
28
28
28
30
00
FE
00
00
00
00
ENDCHAR
STARTCHAR uniEBC6
ENCODING 60358
SWIDTH 500 0
DWIDTH 8 0
BBX 8 16 0 -2
BITMAP
00
00
38
44
54
7C
38
6C
C6
C6
6C
EE
00
00
00
00
ENDCHAR
STARTCHAR uniEBE7
ENCODING 60391
SWIDTH 500 0
DWIDTH 8 0
BBX 8 16 0 -2
BITMAP
00
00
00
38
44
44
FE
82
92
92
82
FE
00
00
00
00
ENDCHAR
STARTCHAR uniEC39
ENCODING 60473
SWIDTH 500 0
DWIDTH 8 0
BBX 8 16 0 -2
BITMAP
00
00
00
3C
34
3C
F8
82
3E
78
58
78
00
00
00
00
ENDCHAR
STARTCHAR uniEC5E
ENCODING 60510
SWIDTH 500 0
DWIDTH 8 0
BBX 8 16 0 -2
BITMAP
00
00
F0
88
84
FE
82
BA
82
BA
82
BA
FE
00
00
00
ENDCHAR
STARTCHAR uniEC6F
ENCODING 60527
SWIDTH 500 0
DWIDTH 8 0
BBX 8 16 0 -2
BITMAP
00
00
38
28
38
10
1C
16
14
10
38
28
38
00
00
00
ENDCHAR
STARTCHAR uniED1B
ENCODING 60699
SWIDTH 500 0
DWIDTH 8 0
BBX 8 16 0 -2
BITMAP
00
00
00
3C
34
3C
F8
82
3E
78
58
78
00
00
00
00
ENDCHAR
STARTCHAR uniEDAF
ENCODING 60847
SWIDTH 500 0
DWIDTH 8 0
BBX 8 16 0 -2
BITMAP
00
00
10
08
10
00
7C
46
46
7C
00
FE
00
00
00
00
ENDCHAR
STARTCHAR uniEF09
ENCODING 61193
SWIDTH 500 0
DWIDTH 8 0
BBX 8 16 0 -2
BITMAP
00
00
00
FE
92
92
82
BA
AA
38
10
10
00
00
00
00
ENDCHAR
STARTCHAR uniEF72
ENCODING 61298
SWIDTH 500 0
DWIDTH 8 0
BBX 8 16 0 -2
BITMAP
00
00
00
FE
00
28
28
28
28
38
00
FE
00
00
00
00
ENDCHAR
STARTCHAR uniEFC5
ENCODING 61381
SWIDTH 500 0
DWIDTH 8 0
BBX 8 16 0 -2
BITMAP
00
00
00
00
FE
82
AA
AA
82
FE
54
00
00
00
00
00
ENDCHAR
STARTCHAR uniF002
ENCODING 61442
SWIDTH 500 0
DWIDTH 8 0
BBX 8 16 0 -2
BITMAP
00
00
00
70
88
88
88
70
18
0C
06
00
00
00
00
00
ENDCHAR
STARTCHAR uniF004
ENCODING 61444
SWIDTH 500 0
DWIDTH 8 0
BBX 8 16 0 -2
BITMAP
00
00
00
00
6C
FE
FE
FE
7C
38
10
00
00
00
00
00
ENDCHAR
STARTCHAR uniF005
ENCODING 61445
SWIDTH 500 0
DWIDTH 8 0
BBX 8 16 0 -2
BITMAP
00
00
00
10
10
FE
7C
38
6C
44
00
00
00
00
00
00
ENDCHAR
STARTCHAR uniF007
ENCODING 61447
SWIDTH 500 0
DWIDTH 8 0
BBX 8 16 0 -2
BITMAP
00
00
00
38
44
44
38
00
38
44
82
FE
00
00
00
00
ENDCHAR
STARTCHAR uniF00C
ENCODING 61452
SWIDTH 500 0
DWIDTH 8 0
BBX 8 16 0 -2
BITMAP
00
00
00
00
00
02
06
8C
D8
70
20
00
00
00
00
00
ENDCHAR
STARTCHAR uniF00D
ENCODING 61453
SWIDTH 500 0
DWIDTH 8 0
BBX 8 16 0 -2
BITMAP
00
00
00
00
82
44
28
10
28
44
82
00
00
00
00
00
ENDCHAR
STARTCHAR uniF011
ENCODING 61457
SWIDTH 500 0
DWIDTH 8 0
BBX 8 16 0 -2
BITMAP
00
00
00
10
10
54
92
92
82
44
38
00
00
00
00
00
ENDCHAR
STARTCHAR uniF013
ENCODING 61459
SWIDTH 500 0
DWIDTH 8 0
BBX 8 16 0 -2
BITMAP
00
00
00
10
54
FE
44
D6
44
FE
54
10
00
00
00
00
ENDCHAR
STARTCHAR uniF014
ENCODING 61460
SWIDTH 500 0
DWIDTH 8 0
BBX 8 16 0 -2
BITMAP
00
00
00
38
FE
00
7C
54
54
54
54
7C
00
00
00
00
ENDCHAR
STARTCHAR uniF015
ENCODING 61461
SWIDTH 500 0
DWIDTH 8 0
BBX 8 16 0 -2
BITMAP
00
00
00
10
38
6C
C6
82
BA
AA
AA
EE
00
00
00
00
ENDCHAR
STARTCHAR uniF016
ENCODING 61462
SWIDTH 500 0
DWIDTH 8 0
BBX 8 16 0 -2
BITMAP
00
00
F0
88
84
FE
82
82
82
82
82
82
FE
00
00
00
ENDCHAR
STARTCHAR uniF017
ENCODING 61463
SWIDTH 500 0
DWIDTH 8 0
BBX 8 16 0 -2
BITMAP
00
00
00
38
44
92
92
9A
82
44
38
00
00
00
00
00
ENDCHAR
STARTCHAR uniF019
ENCODING 61465
SWIDTH 500 0
DWIDTH 8 0
BBX 8 16 0 -2
BITMAP
00
00
00
10
10
10
54
38
10
00
82
FE
00
00
00
00
ENDCHAR
STARTCHAR uniF021
ENCODING 61473
SWIDTH 500 0
DWIDTH 8 0
BBX 8 16 0 -2
BITMAP
00
00
00
3C
42
82
8E
00
E2
82
84
78
00
00
00
00
ENDCHAR
STARTCHAR uniF023
ENCODING 61475
SWIDTH 500 0
DWIDTH 8 0
BBX 8 16 0 -2
BITMAP
00
00
00
38
44
44
FE
82
92
92
82
FE
00
00
00
00
ENDCHAR
STARTCHAR uniF026
ENCODING 61478
SWIDTH 500 0
DWIDTH 8 0
BBX 8 16 0 -2
BITMAP
00
00
00
00
08
18
38
EA
E4
3A
18
08
00
00
00
00
ENDCHAR
STARTCHAR uniF028
ENCODING 61480
SWIDTH 500 0
DWIDTH 8 0
BBX 8 16 0 -2
BITMAP
00
00
00
00
08
1A
3A
EA
EA
3A
1A
08
00
00
00
00
ENDCHAR
STARTCHAR uniF02B
ENCODING 61483
SWIDTH 500 0
DWIDTH 8 0
BBX 8 16 0 -2
BITMAP
00
00
00
00
F0
C8
A4
82
44
28
10
00
00
00
00
00
ENDCHAR
STARTCHAR uniF02E
ENCODING 61486
SWIDTH 500 0
DWIDTH 8 0
BBX 8 16 0 -2
BITMAP
00
00
00
7C
44
44
44
44
54
6C
44
00
00
00
00
00
ENDCHAR
STARTCHAR uniF03E
ENCODING 61502
SWIDTH 500 0
DWIDTH 8 0
BBX 8 16 0 -2
BITMAP
00
00
00
FE
82
A2
82
8A
96
A2
C2
FE
00
00
00
00
ENDCHAR
STARTCHAR uniF040
ENCODING 61504
SWIDTH 500 0
DWIDTH 8 0
BBX 8 16 0 -2
BITMAP
00
00
00
06
0E
1C
38
70
E0
C0
00
00
00
00
00
00
ENDCHAR
STARTCHAR uniF04B
ENCODING 61515
SWIDTH 500 0
DWIDTH 8 0
BBX 8 16 0 -2
BITMAP
00
00
00
00
40
60
70
78
70
60
40
00
00
00
00
00
ENDCHAR
STARTCHAR uniF04C
ENCODING 61516
SWIDTH 500 0
DWIDTH 8 0
BBX 8 16 0 -2
BITMAP
00
00
00
00
6C
6C
6C
6C
6C
6C
6C
00
00
00
00
00
ENDCHAR
STARTCHAR uniF04D
ENCODING 61517
SWIDTH 500 0
DWIDTH 8 0
BBX 8 16 0 -2
BITMAP
00
00
00
00
7C
7C
7C
7C
7C
7C
7C
00
00
00
00
00
ENDCHAR
STARTCHAR uniF057
ENCODING 61527
SWIDTH 500 0
DWIDTH 8 0
BBX 8 16 0 -2
BITMAP
00
00
00
38
44
92
92
92
82
92
44
38
00
00
00
00
ENDCHAR
STARTCHAR uniF059
ENCODING 61529
SWIDTH 500 0
DWIDTH 8 0
BBX 8 16 0 -2
BITMAP
00
00
00
38
44
82
04
18
10
00
10
00
00
00
00
00
ENDCHAR
STARTCHAR uniF05A
ENCODING 61530
SWIDTH 500 0
DWIDTH 8 0
BBX 8 16 0 -2
BITMAP
00
00
00
38
44
92
82
92
92
92
44
38
00
00
00
00
ENDCHAR
STARTCHAR uniF06E
ENCODING 61550
SWIDTH 500 0
DWIDTH 8 0
BBX 8 16 0 -2
BITMAP
00
00
00
00
00
38
6C
D6
6C
38
00
00
00
00
00
00
ENDCHAR
STARTCHAR uniF071
ENCODING 61553
SWIDTH 500 0
DWIDTH 8 0
BBX 8 16 0 -2
BITMAP
00
00
00
10
28
28
54
54
92
82
92
FE
00
00
00
00
ENDCHAR
STARTCHAR uniF073
ENCODING 61555
SWIDTH 500 0
DWIDTH 8 0
BBX 8 16 0 -2
BITMAP
00
00
00
44
FE
44
FE
82
AA
82
AA
FE
00
00
00
00
ENDCHAR
STARTCHAR uniF07B
ENCODING 61563
SWIDTH 500 0
DWIDTH 8 0
BBX 8 16 0 -2
BITMAP
00
00
00
00
70
88
FE
82
82
82
82
FE
00
00
00
00
ENDCHAR
STARTCHAR uniF07C
ENCODING 61564
SWIDTH 500 0
DWIDTH 8 0
BBX 8 16 0 -2
BITMAP
00
00
00
00
70
88
FE
80
FC
84
88
F0
00
00
00
00
ENDCHAR
STARTCHAR uniF084
ENCODING 61572
SWIDTH 500 0
DWIDTH 8 0
BBX 8 16 0 -2
BITMAP
00
00
00
60
90
90
60
30
18
0C
0A
00
00
00
00
00
ENDCHAR
STARTCHAR uniF08E
ENCODING 61582
SWIDTH 500 0
DWIDTH 8 0
BBX 8 16 0 -2
BITMAP
00
00
00
1E
06
0A
92
A2
C2
82
82
FE
00
00
00
00
ENDCHAR
STARTCHAR uniF093
ENCODING 61587
SWIDTH 500 0
DWIDTH 8 0
BBX 8 16 0 -2
BITMAP
00
00
00
10
38
54
10
10
10
00
82
FE
00
00
00
00
ENDCHAR
STARTCHAR uniF09B
ENCODING 61595
SWIDTH 500 0
DWIDTH 8 0
BBX 8 16 0 -2
BITMAP
00
00
00
44
EE
FE
BA
FE
7C
38
38
6C
00
00
00
00
ENDCHAR
STARTCHAR uniF09C
ENCODING 61596
SWIDTH 500 0
DWIDTH 8 0
BBX 8 16 0 -2
BITMAP
00
00
00
38
44
40
FE
82
92
92
82
FE
00
00
00
00
ENDCHAR
STARTCHAR uniF0B0
ENCODING 61616
SWIDTH 500 0
DWIDTH 8 0
BBX 8 16 0 -2
BITMAP
00
00
00
00
FE
7C
38
10
10
10
30
00
00
00
00
00
ENDCHAR
STARTCHAR uniF0C0
ENCODING 61632
SWIDTH 500 0
DWIDTH 8 0
BBX 8 16 0 -2
BITMAP
00
00
00
6C
92
92
6C
00
6C
92
92
FE
00
00
00
00
ENDCHAR
STARTCHAR uniF0C1
ENCODING 61633
SWIDTH 500 0
DWIDTH 8 0
BBX 8 16 0 -2
BITMAP
00
00
00
00
0C
12
24
58
24
48
30
00
00
00
00
00
ENDCHAR
STARTCHAR uniF0C2
ENCODING 61634
SWIDTH 500 0
DWIDTH 8 0
BBX 8 16 0 -2
BITMAP
00
00
00
00
00
38
44
C2
82
82
7C
00
00
00
00
00
ENDCHAR
STARTCHAR uniF0C7
ENCODING 61639
SWIDTH 500 0
DWIDTH 8 0
BBX 8 16 0 -2
BITMAP
00
00
00
FE
82
82
82
82
82
FE
8A
FE
00
00
00
00
ENDCHAR
STARTCHAR uniF0C9
ENCODING 61641
SWIDTH 500 0
DWIDTH 8 0
BBX 8 16 0 -2
BITMAP
00
00
00
00
FE
00
00
FE
00
00
FE
00
00
00
00
00
ENDCHAR
STARTCHAR uniF0E0
ENCODING 61664
SWIDTH 500 0
DWIDTH 8 0
BBX 8 16 0 -2
BITMAP
00
00
00
00
FE
C6
AA
92
82
82
FE
00
00
00
00
00
ENDCHAR
STARTCHAR uniF0E7
ENCODING 61671
SWIDTH 500 0
DWIDTH 8 0
BBX 8 16 0 -2
BITMAP
00
00
00
08
18
30
7C
18
30
20
00
00
00
00
00
00
ENDCHAR
STARTCHAR uniF0E8
ENCODING 61672
SWIDTH 500 0
DWIDTH 8 0
BBX 8 16 0 -2
BITMAP
00
00
00
38
28
38
10
7C
44
EE
AA
EE
00
00
00
00
ENDCHAR
STARTCHAR uniF0EB
ENCODING 61675
SWIDTH 500 0
DWIDTH 8 0
BBX 8 16 0 -2
BITMAP
00
00
00
38
44
82
82
44
28
28
38
38
00
00
00
00
ENDCHAR
STARTCHAR uniF0F6
ENCODING 61686
SWIDTH 500 0
DWIDTH 8 0
BBX 8 16 0 -2
BITMAP
00
00
F0
88
84
FE
82
BA
82
BA
82
BA
FE
00
00
00
ENDCHAR
STARTCHAR uniF105
ENCODING 61701
SWIDTH 500 0
DWIDTH 8 0
BBX 8 16 0 -2
BITMAP
00
00
00
00
00
40
20
10
20
40
00
00
00
00
00
00
ENDCHAR
STARTCHAR uniF113
ENCODING 61715
SWIDTH 500 0
DWIDTH 8 0
BBX 8 16 0 -2
BITMAP
00
00
00
44
EE
FE
BA
FE
7C
38
38
6C
00
00
00
00
ENDCHAR
STARTCHAR uniF114
ENCODING 61716
SWIDTH 500 0
DWIDTH 8 0
BBX 8 16 0 -2
BITMAP
00
00
00
00
70
88
FE
82
82
82
82
FE
00
00
00
00
ENDCHAR
STARTCHAR uniF115
ENCODING 61717
SWIDTH 500 0
DWIDTH 8 0
BBX 8 16 0 -2
BITMAP
00
00
00
00
70
88
FE
80
FC
84
88
F0
00
00
00
00
ENDCHAR
STARTCHAR uniF120
ENCODING 61728
SWIDTH 500 0
DWIDTH 8 0
BBX 8 16 0 -2
BITMAP
00
00
00
FE
82
C2
A2
92
A2
CE
82
FE
00
00
00
00
ENDCHAR
STARTCHAR uniF126
ENCODING 61734
SWIDTH 500 0
DWIDTH 8 0
BBX 8 16 0 -2
BITMAP
00
00
38
28
38
10
1C
16
14
10
38
28
38
00
00
00
ENDCHAR
STARTCHAR uniF128
ENCODING 61736
SWIDTH 500 0
DWIDTH 8 0
BBX 8 16 0 -2
BITMAP
00
00
00
38
44
82
04
18
10
00
10
00
00
00
00
00
ENDCHAR
STARTCHAR uniF141
ENCODING 61761
SWIDTH 500 0
DWIDTH 8 0
BBX 8 16 0 -2
BITMAP
00
00
00
00
00
00
00
00
92
92
00
00
00
00
00
00
ENDCHAR
STARTCHAR uniF15B
ENCODING 61787
SWIDTH 500 0
DWIDTH 8 0
BBX 8 16 0 -2
BITMAP
00
00
F0
88
84
FE
82
82
82
82
82
82
FE
00
00
00
ENDCHAR
STARTCHAR uniF15C
ENCODING 61788
SWIDTH 500 0
DWIDTH 8 0
BBX 8 16 0 -2
BITMAP
00
00
F0
88
84
FE
82
BA
82
BA
82
BA
FE
00
00
00
ENDCHAR
STARTCHAR uniF179
ENCODING 61817
SWIDTH 500 0
DWIDTH 8 0
BBX 8 16 0 -2
BITMAP
00
00
0C
18
00
6C
FE
F8
F8
FE
7C
6C
00
00
00
00
ENDCHAR
STARTCHAR uniF17A
ENCODING 61818
SWIDTH 500 0
DWIDTH 8 0
BBX 8 16 0 -2
BITMAP
00
00
00
00
EE
AA
EE
00
EE
AA
EE
00
00
00
00
00
ENDCHAR
STARTCHAR uniF17C
ENCODING 61820
SWIDTH 500 0
DWIDTH 8 0
BBX 8 16 0 -2
BITMAP
00
00
38
44
54
7C
38
6C
C6
C6
6C
EE
00
00
00
00
ENDCHAR
STARTCHAR uniF188
ENCODING 61832
SWIDTH 500 0
DWIDTH 8 0
BBX 8 16 0 -2
BITMAP
00
00
00
44
38
54
7C
D6
7C
D6
7C
28
00
00
00
00
ENDCHAR
STARTCHAR uniF1B2
ENCODING 61874
SWIDTH 500 0
DWIDTH 8 0
BBX 8 16 0 -2
BITMAP
00
00
00
38
6C
D6
AA
92
82
C6
6C
38
00
00
00
00
ENDCHAR
STARTCHAR uniF1C0
ENCODING 61888
SWIDTH 500 0
DWIDTH 8 0
BBX 8 16 0 -2
BITMAP
00
00
00
7C
82
FE
82
7C
82
7C
82
7C
00
00
00
00
ENDCHAR
STARTCHAR uniF1C5
ENCODING 61893
SWIDTH 500 0
DWIDTH 8 0
BBX 8 16 0 -2
BITMAP
00
00
F0
88
84
FE
82
A2
82
8A
96
E2
FE
00
00
00
ENDCHAR
STARTCHAR uniF1C6
ENCODING 61894
SWIDTH 500 0
DWIDTH 8 0
BBX 8 16 0 -2
BITMAP
00
00
00
FE
82
FE
92
92
BA
92
92
FE
00
00
00
00
ENDCHAR
STARTCHAR uniF1C9
ENCODING 61897
SWIDTH 500 0
DWIDTH 8 0
BBX 8 16 0 -2
BITMAP
00
00
F0
88
84
FE
82
A2
C6
A2
82
82
FE
00
00
00
ENDCHAR
STARTCHAR uniF1D3
ENCODING 61907
SWIDTH 500 0
DWIDTH 8 0
BBX 8 16 0 -2
BITMAP
00
00
00
10
38
5C
EE
5C
38
10
00
00
00
00
00
00
ENDCHAR
STARTCHAR uniF1DE
ENCODING 61918
SWIDTH 500 0
DWIDTH 8 0
BBX 8 16 0 -2
BITMAP
00
00
00
44
44
EE
44
44
44
5C
44
44
00
00
00
00
ENDCHAR
STARTCHAR uniF1EB
ENCODING 61931
SWIDTH 500 0
DWIDTH 8 0
BBX 8 16 0 -2
BITMAP
00
00
00
00
7C
82
38
44
10
28
00
10
00
00
00
00
ENDCHAR
STARTCHAR uniF1F8
ENCODING 61944
SWIDTH 500 0
DWIDTH 8 0
BBX 8 16 0 -2
BITMAP
00
00
00
38
FE
00
7C
54
54
54
54
7C
00
00
00
00
ENDCHAR
STARTCHAR uniF21F
ENCODING 61983
SWIDTH 500 0
DWIDTH 8 0
BBX 8 16 0 -2
BITMAP
00
00
00
18
18
78
78
FE
FE
7C
38
00
00
00
00
00
ENDCHAR
STARTCHAR uniF233
ENCODING 62003
SWIDTH 500 0
DWIDTH 8 0
BBX 8 16 0 -2
BITMAP
00
00
00
FE
8A
FE
00
FE
8A
FE
00
FE
8A
FE
00
00
ENDCHAR
STARTCHAR uniF240
ENCODING 62016
SWIDTH 500 0
DWIDTH 8 0
BBX 8 16 0 -2
BITMAP
00
00
00
00
00
7C
7C
7E
7E
7C
7C
00
00
00
00
00
ENDCHAR
STARTCHAR uniF242
ENCODING 62018
SWIDTH 500 0
DWIDTH 8 0
BBX 8 16 0 -2
BITMAP
00
00
00
00
00
7C
74
76
76
74
7C
00
00
00
00
00
ENDCHAR
STARTCHAR uniF243
ENCODING 62019
SWIDTH 500 0
DWIDTH 8 0
BBX 8 16 0 -2
BITMAP
00
00
00
00
00
7C
64
66
66
64
7C
00
00
00
00
00
ENDCHAR
STARTCHAR uniF244
ENCODING 62020
SWIDTH 500 0
DWIDTH 8 0
BBX 8 16 0 -2
BITMAP
00
00
00
00
00
7C
44
46
46
44
7C
00
00
00
00
00
ENDCHAR
STARTCHAR uniF2DB
ENCODING 62171
SWIDTH 500 0
DWIDTH 8 0
BBX 8 16 0 -2
BITMAP
00
00
00
54
7C
44
D6
54
D6
44
7C
54
00
00
00
00
ENDCHAR
STARTCHAR uniF2FC
ENCODING 62204
SWIDTH 500 0
DWIDTH 8 0
BBX 8 16 0 -2
BITMAP
00
00
00
38
44
40
FE
82
92
92
82
FE
00
00
00
00
ENDCHAR
STARTCHAR uniF302
ENCODING 62210
SWIDTH 500 0
DWIDTH 8 0
BBX 8 16 0 -2
BITMAP
00
00
0C
18
00
6C
FE
F8
F8
FE
7C
6C
00
00
00
00
ENDCHAR
STARTCHAR uniF303
ENCODING 62211
SWIDTH 500 0
DWIDTH 8 0
BBX 8 16 0 -2
BITMAP
00
00
10
38
38
6C
6C
C6
C6
82
00
00
00
00
00
00
ENDCHAR
STARTCHAR uniF306
ENCODING 62214
SWIDTH 500 0
DWIDTH 8 0
BBX 8 16 0 -2
BITMAP
00
00
00
FE
00
30
28
28
28
30
00
FE
00
00
00
00
ENDCHAR
STARTCHAR uniF313
ENCODING 62227
SWIDTH 500 0
DWIDTH 8 0
BBX 8 16 0 -2
BITMAP
00
00
00
FE
00
AA
EA
E4
EA
AA
00
FE
00
00
00
00
ENDCHAR
STARTCHAR uniF31A
ENCODING 62234
SWIDTH 500 0
DWIDTH 8 0
BBX 8 16 0 -2
BITMAP
00
00
38
44
54
7C
38
6C
C6
C6
6C
EE
00
00
00
00
ENDCHAR
STARTCHAR uniF31B
ENCODING 62235
SWIDTH 500 0
DWIDTH 8 0
BBX 8 16 0 -2
BITMAP
00
00
00
FE
00
28
28
28
28
38
00
FE
00
00
00
00
ENDCHAR
STARTCHAR uniF31E
ENCODING 62238
SWIDTH 500 0
DWIDTH 8 0
BBX 8 16 0 -2
BITMAP
00
00
10
38
38
6C
6C
C6
C6
82
00
00
00
00
00
00
ENDCHAR
STARTCHAR uniF400
ENCODING 62464
SWIDTH 500 0
DWIDTH 8 0
BBX 8 16 0 -2
BITMAP
00
00
00
38
44
82
82
44
28
28
38
38
00
00
00
00
ENDCHAR
STARTCHAR uniF407
ENCODING 62471
SWIDTH 500 0
DWIDTH 8 0
BBX 8 16 0 -2
BITMAP
00
00
44
EE
44
54
5C
54
44
EE
44
00
00
00
00
00
ENDCHAR
STARTCHAR uniF408
ENCODING 62472
SWIDTH 500 0
DWIDTH 8 0
BBX 8 16 0 -2
BITMAP
00
00
00
44
EE
FE
BA
FE
7C
38
38
6C
00
00
00
00
ENDCHAR
STARTCHAR uniF409
ENCODING 62473
SWIDTH 500 0
DWIDTH 8 0
BBX 8 16 0 -2
BITMAP
00
00
00
10
10
10
54
38
10
00
82
FE
00
00
00
00
ENDCHAR
STARTCHAR uniF40A
ENCODING 62474
SWIDTH 500 0
DWIDTH 8 0
BBX 8 16 0 -2
BITMAP
00
00
00
10
38
54
10
10
10
00
82
FE
00
00
00
00
ENDCHAR
STARTCHAR uniF40D
ENCODING 62477
SWIDTH 500 0
DWIDTH 8 0
BBX 8 16 0 -2
BITMAP
00
00
F0
88
84
FE
82
A2
C6
A2
82
82
FE
00
00
00
ENDCHAR
STARTCHAR uniF40F
ENCODING 62479
SWIDTH 500 0
DWIDTH 8 0
BBX 8 16 0 -2
BITMAP
00
00
F0
88
84
FE
82
A2
82
8A
96
E2
FE
00
00
00
ENDCHAR
STARTCHAR uniF410
ENCODING 62480
SWIDTH 500 0
DWIDTH 8 0
BBX 8 16 0 -2
BITMAP
00
00
00
FE
82
FE
92
92
BA
92
92
FE
00
00
00
00
ENDCHAR
STARTCHAR uniF412
ENCODING 62482
SWIDTH 500 0
DWIDTH 8 0
BBX 8 16 0 -2
BITMAP
00
00
00
00
F0
C8
A4
82
44
28
10
00
00
00
00
00
ENDCHAR
STARTCHAR uniF413
ENCODING 62483
SWIDTH 500 0
DWIDTH 8 0
BBX 8 16 0 -2
BITMAP
00
00
00
00
70
88
FE
82
82
82
82
FE
00
00
00
00
ENDCHAR
STARTCHAR uniF415
ENCODING 62485
SWIDTH 500 0
DWIDTH 8 0
BBX 8 16 0 -2
BITMAP
00
00
00
38
44
44
38
00
38
44
82
FE
00
00
00
00
ENDCHAR
STARTCHAR uniF417
ENCODING 62487
SWIDTH 500 0
DWIDTH 8 0
BBX 8 16 0 -2
BITMAP
00
00
00
00
00
38
28
EE
28
38
00
00
00
00
00
00
ENDCHAR
STARTCHAR uniF418
ENCODING 62488
SWIDTH 500 0
DWIDTH 8 0
BBX 8 16 0 -2
BITMAP
00
00
38
28
38
10
1C
16
14
10
38
28
38
00
00
00
ENDCHAR
STARTCHAR uniF419
ENCODING 62489
SWIDTH 500 0
DWIDTH 8 0
BBX 8 16 0 -2
BITMAP
00
00
44
EE
44
44
28
10
10
38
28
38
00
00
00
00
ENDCHAR
STARTCHAR uniF41E
ENCODING 62494
SWIDTH 500 0
DWIDTH 8 0
BBX 8 16 0 -2
BITMAP
00
00
00
10
10
FE
7C
38
6C
44
00
00
00
00
00
00
ENDCHAR
STARTCHAR uniF420
ENCODING 62496
SWIDTH 500 0
DWIDTH 8 0
BBX 8 16 0 -2
BITMAP
00
00
00
38
44
82
04
18
10
00
10
00
00
00
00
00
ENDCHAR
STARTCHAR uniF421
ENCODING 62497
SWIDTH 500 0
DWIDTH 8 0
BBX 8 16 0 -2
BITMAP
00
00
00
10
28
28
54
54
92
82
92
FE
00
00
00
00
ENDCHAR
STARTCHAR uniF422
ENCODING 62498
SWIDTH 500 0
DWIDTH 8 0
BBX 8 16 0 -2
BITMAP
00
00
00
70
88
88
88
70
18
0C
06
00
00
00
00
00
ENDCHAR
STARTCHAR uniF423
ENCODING 62499
SWIDTH 500 0
DWIDTH 8 0
BBX 8 16 0 -2
BITMAP
00
00
00
10
54
FE
44
D6
44
FE
54
10
00
00
00
00
ENDCHAR
STARTCHAR uniF42E
ENCODING 62510
SWIDTH 500 0
DWIDTH 8 0
BBX 8 16 0 -2
BITMAP
00
00
00
00
00
02
06
8C
D8
70
20
00
00
00
00
00
ENDCHAR
STARTCHAR uniF42F
ENCODING 62511
SWIDTH 500 0
DWIDTH 8 0
BBX 8 16 0 -2
BITMAP
00
00
00
00
FE
C6
AA
92
82
82
FE
00
00
00
00
00
ENDCHAR
STARTCHAR uniF43A
ENCODING 62522
SWIDTH 500 0
DWIDTH 8 0
BBX 8 16 0 -2
BITMAP
00
00
00
38
44
92
92
9A
82
44
38
00
00
00
00
00
ENDCHAR
STARTCHAR uniF43C
ENCODING 62524
SWIDTH 500 0
DWIDTH 8 0
BBX 8 16 0 -2
BITMAP
00
00
00
00
7C
82
38
44
10
28
00
10
00
00
00
00
ENDCHAR
STARTCHAR uniF43D
ENCODING 62525
SWIDTH 500 0
DWIDTH 8 0
BBX 8 16 0 -2
BITMAP
00
00
00
60
90
90
60
30
18
0C
0A
00
00
00
00
00
ENDCHAR
STARTCHAR uniF441
ENCODING 62529
SWIDTH 500 0
DWIDTH 8 0
BBX 8 16 0 -2
BITMAP
00
00
00
00
00
38
6C
D6
6C
38
00
00
00
00
00
00
ENDCHAR
STARTCHAR uniF448
ENCODING 62536
SWIDTH 500 0
DWIDTH 8 0
BBX 8 16 0 -2
BITMAP
00
00
00
06
0E
1C
38
70
E0
C0
00
00
00
00
00
00
ENDCHAR
STARTCHAR uniF449
ENCODING 62537
SWIDTH 500 0
DWIDTH 8 0
BBX 8 16 0 -2
BITMAP
00
00
00
38
44
92
82
92
92
92
44
38
00
00
00
00
ENDCHAR
STARTCHAR uniF44C
ENCODING 62540
SWIDTH 500 0
DWIDTH 8 0
BBX 8 16 0 -2
BITMAP
00
00
00
00
0C
12
24
58
24
48
30
00
00
00
00
00
ENDCHAR
STARTCHAR uniF44E
ENCODING 62542
SWIDTH 500 0
DWIDTH 8 0
BBX 8 16 0 -2
BITMAP
00
00
00
00
FE
00
00
FE
00
00
FE
00
00
00
00
00
ENDCHAR
STARTCHAR uniF455
ENCODING 62549
SWIDTH 500 0
DWIDTH 8 0
BBX 8 16 0 -2
BITMAP
00
00
00
44
FE
44
FE
82
AA
82
AA
FE
00
00
00
00
ENDCHAR
STARTCHAR uniF456
ENCODING 62550
SWIDTH 500 0
DWIDTH 8 0
BBX 8 16 0 -2
BITMAP
00
00
00
38
44
44
FE
82
92
92
82
FE
00
00
00
00
ENDCHAR
STARTCHAR uniF460
ENCODING 62560
SWIDTH 500 0
DWIDTH 8 0
BBX 8 16 0 -2
BITMAP
00
00
00
00
00
40
20
10
20
40
00
00
00
00
00
00
ENDCHAR
STARTCHAR uniF461
ENCODING 62561
SWIDTH 500 0
DWIDTH 8 0
BBX 8 16 0 -2
BITMAP
00
00
00
7C
44
44
44
44
54
6C
44
00
00
00
00
00
ENDCHAR
STARTCHAR uniF465
ENCODING 62565
SWIDTH 500 0
DWIDTH 8 0
BBX 8 16 0 -2
BITMAP
00
00
00
1E
06
0A
92
A2
C2
82
82
FE
00
00
00
00
ENDCHAR
STARTCHAR uniF467
ENCODING 62567
SWIDTH 500 0
DWIDTH 8 0
BBX 8 16 0 -2
BITMAP
00
00
00
00
82
44
28
10
28
44
82
00
00
00
00
00
ENDCHAR
STARTCHAR uniF46A
ENCODING 62570
SWIDTH 500 0
DWIDTH 8 0
BBX 8 16 0 -2
BITMAP
00
00
00
3C
42
82
8E
00
E2
82
84
78
00
00
00
00
ENDCHAR
STARTCHAR uniF46D
ENCODING 62573
SWIDTH 500 0
DWIDTH 8 0
BBX 8 16 0 -2
BITMAP
00
00
00
10
38
6C
C6
82
BA
AA
AA
EE
00
00
00
00
ENDCHAR
STARTCHAR uniF46E
ENCODING 62574
SWIDTH 500 0
DWIDTH 8 0
BBX 8 16 0 -2
BITMAP
00
00
00
38
44
92
92
92
82
92
44
38
00
00
00
00
ENDCHAR
STARTCHAR uniF46F
ENCODING 62575
SWIDTH 500 0
DWIDTH 8 0
BBX 8 16 0 -2
BITMAP
00
00
00
44
38
54
7C
D6
7C
D6
7C
28
00
00
00
00
ENDCHAR
STARTCHAR uniF472
ENCODING 62578
SWIDTH 500 0
DWIDTH 8 0
BBX 8 16 0 -2
BITMAP
00
00
00
7C
82
FE
82
7C
82
7C
82
7C
00
00
00
00
ENDCHAR
STARTCHAR uniF473
ENCODING 62579
SWIDTH 500 0
DWIDTH 8 0
BBX 8 16 0 -2
BITMAP
00
00
00
FE
8A
FE
00
FE
8A
FE
00
FE
8A
FE
00
00
ENDCHAR
STARTCHAR uniF487
ENCODING 62599
SWIDTH 500 0
DWIDTH 8 0
BBX 8 16 0 -2
BITMAP
00
00
00
38
6C
D6
AA
92
82
C6
6C
38
00
00
00
00
ENDCHAR
STARTCHAR uniF489
ENCODING 62601
SWIDTH 500 0
DWIDTH 8 0
BBX 8 16 0 -2
BITMAP
00
00
00
FE
82
C2
A2
92
A2
CE
82
FE
00
00
00
00
ENDCHAR
STARTCHAR uniF48A
ENCODING 62602
SWIDTH 500 0
DWIDTH 8 0
BBX 8 16 0 -2
BITMAP
00
00
00
FE
00
28
38
38
28
28
00
FE
00
00
00
00
ENDCHAR
STARTCHAR uniF48E
ENCODING 62606
SWIDTH 500 0
DWIDTH 8 0
BBX 8 16 0 -2
BITMAP
00
00
00
38
FE
00
7C
54
54
54
54
7C
00
00
00
00
ENDCHAR
STARTCHAR uniF4A5
ENCODING 62629
SWIDTH 500 0
DWIDTH 8 0
BBX 8 16 0 -2
BITMAP
00
00
F0
88
84
FE
82
82
82
82
82
82
FE
00
00
00
ENDCHAR
STARTCHAR uniF4A9
ENCODING 62633
SWIDTH 500 0
DWIDTH 8 0
BBX 8 16 0 -2
BITMAP
00
00
00
FE
82
82
82
82
82
FE
8A
FE
00
00
00
00
ENDCHAR
STARTCHAR uniF4AC
ENCODING 62636
SWIDTH 500 0
DWIDTH 8 0
BBX 8 16 0 -2
BITMAP
00
00
00
00
00
38
44
C2
82
82
7C
00
00
00
00
00
ENDCHAR
STARTCHAR uniF4BC
ENCODING 62652
SWIDTH 500 0
DWIDTH 8 0
BBX 8 16 0 -2
BITMAP
00
00
00
54
7C
44
D6
54
D6
44
7C
54
00
00
00
00
ENDCHAR
STARTCHAR uniF4D4
ENCODING 62676
SWIDTH 500 0
DWIDTH 8 0
BBX 8 16 0 -2
BITMAP
00
00
00
00
70
88
FE
80
FC
84
88
F0
00
00
00
00
ENDCHAR
STARTCHAR uniF4D7
ENCODING 62679
SWIDTH 500 0
DWIDTH 8 0
BBX 8 16 0 -2
BITMAP
00
00
00
00
FE
7C
38
10
10
10
30
00
00
00
00
00
ENDCHAR
STARTCHAR uniF4E5
ENCODING 62693
SWIDTH 500 0
DWIDTH 8 0
BBX 8 16 0 -2
BITMAP
00
00
00
FE
82
A2
82
8A
96
A2
C2
FE
00
00
00
00
ENDCHAR
STARTCHAR uniF4EB
ENCODING 62699
SWIDTH 500 0
DWIDTH 8 0
BBX 8 16 0 -2
BITMAP
00
00
00
00
00
00
00
00
92
92
00
00
00
00
00
00
ENDCHAR
STARTCHAR uniF4FD
ENCODING 62717
SWIDTH 500 0
DWIDTH 8 0
BBX 8 16 0 -2
BITMAP
00
00
00
6C
92
92
6C
00
6C
92
92
FE
00
00
00
00
ENDCHAR
STARTCHAR uniF500
ENCODING 62720
SWIDTH 500 0
DWIDTH 8 0
BBX 8 16 0 -2
BITMAP
00
00
00
00
40
60
70
78
70
60
40
00
00
00
00
00
ENDCHAR
STARTCHAR uniF52A
ENCODING 62762
SWIDTH 500 0
DWIDTH 8 0
BBX 8 16 0 -2
BITMAP
00
00
00
38
44
40
FE
82
92
92
82
FE
00
00
00
00
ENDCHAR
STARTCHAR uniF52E
ENCODING 62766
SWIDTH 500 0
DWIDTH 8 0
BBX 8 16 0 -2
BITMAP
00
00
00
38
28
38
10
7C
44
EE
AA
EE
00
00
00
00
ENDCHAR
STARTCHAR uF0004
ENCODING 983044
SWIDTH 500 0
DWIDTH 8 0
BBX 8 16 0 -2
BITMAP
00
00
00
38
44
44
38
00
38
44
82
FE
00
00
00
00
ENDCHAR
STARTCHAR uF0026
ENCODING 983078
SWIDTH 500 0
DWIDTH 8 0
BBX 8 16 0 -2
BITMAP
00
00
00
10
28
28
54
54
92
82
92
FE
00
00
00
00
ENDCHAR
STARTCHAR uF0028
ENCODING 983080
SWIDTH 500 0
DWIDTH 8 0
BBX 8 16 0 -2
BITMAP
00
00
00
38
44
92
92
92
82
92
44
38
00
00
00
00
ENDCHAR
STARTCHAR uF0035
ENCODING 983093
SWIDTH 500 0
DWIDTH 8 0
BBX 8 16 0 -2
BITMAP
00
00
0C
18
00
6C
FE
F8
F8
FE
7C
6C
00
00
00
00
ENDCHAR
STARTCHAR uF0079
ENCODING 983161
SWIDTH 500 0
DWIDTH 8 0
BBX 8 16 0 -2
BITMAP
00
00
00
00
00
7C
7C
7E
7E
7C
7C
00
00
00
00
00
ENDCHAR
STARTCHAR uF007B
ENCODING 983163
SWIDTH 500 0
DWIDTH 8 0
BBX 8 16 0 -2
BITMAP
00
00
00
00
00
7C
64
66
66
64
7C
00
00
00
00
00
ENDCHAR
STARTCHAR uF007E
ENCODING 983166
SWIDTH 500 0
DWIDTH 8 0
BBX 8 16 0 -2
BITMAP
00
00
00
00
00
7C
74
76
76
74
7C
00
00
00
00
00
ENDCHAR
STARTCHAR uF0084
ENCODING 983172
SWIDTH 500 0
DWIDTH 8 0
BBX 8 16 0 -2
BITMAP
00
00
00
08
18
30
7C
18
30
20
00
00
00
00
00
00
ENDCHAR
STARTCHAR uF008E
ENCODING 983182
SWIDTH 500 0
DWIDTH 8 0
BBX 8 16 0 -2
BITMAP
00
00
00
00
00
7C
44
46
46
44
7C
00
00
00
00
00
ENDCHAR
STARTCHAR uF00C0
ENCODING 983232
SWIDTH 500 0
DWIDTH 8 0
BBX 8 16 0 -2
BITMAP
00
00
00
7C
44
44
44
44
54
6C
44
00
00
00
00
00
ENDCHAR
STARTCHAR uF00E4
ENCODING 983268
SWIDTH 500 0
DWIDTH 8 0
BBX 8 16 0 -2
BITMAP
00
00
00
44
38
54
7C
D6
7C
D6
7C
28
00
00
00
00
ENDCHAR
STARTCHAR uF00ED
ENCODING 983277
SWIDTH 500 0
DWIDTH 8 0
BBX 8 16 0 -2
BITMAP
00
00
00
44
FE
44
FE
82
AA
82
AA
FE
00
00
00
00
ENDCHAR
STARTCHAR uF012C
ENCODING 983340
SWIDTH 500 0
DWIDTH 8 0
BBX 8 16 0 -2
BITMAP
00
00
00
00
00
02
06
8C
D8
70
20
00
00
00
00
00
ENDCHAR
STARTCHAR uF0142
ENCODING 983362
SWIDTH 500 0
DWIDTH 8 0
BBX 8 16 0 -2
BITMAP
00
00
00
00
00
40
20
10
20
40
00
00
00
00
00
00
ENDCHAR
STARTCHAR uF0150
ENCODING 983376
SWIDTH 500 0
DWIDTH 8 0
BBX 8 16 0 -2
BITMAP
00
00
00
38
44
92
92
9A
82
44
38
00
00
00
00
00
ENDCHAR
STARTCHAR uF0156
ENCODING 983382
SWIDTH 500 0
DWIDTH 8 0
BBX 8 16 0 -2
BITMAP
00
00
00
00
82
44
28
10
28
44
82
00
00
00
00
00
ENDCHAR
STARTCHAR uF015F
ENCODING 983391
SWIDTH 500 0
DWIDTH 8 0
BBX 8 16 0 -2
BITMAP
00
00
00
00
00
38
44
C2
82
82
7C
00
00
00
00
00
ENDCHAR
STARTCHAR uF018D
ENCODING 983437
SWIDTH 500 0
DWIDTH 8 0
BBX 8 16 0 -2
BITMAP
00
00
00
FE
82
C2
A2
92
A2
CE
82
FE
00
00
00
00
ENDCHAR
STARTCHAR uF0193
ENCODING 983443
SWIDTH 500 0
DWIDTH 8 0
BBX 8 16 0 -2
BITMAP
00
00
00
FE
82
82
82
82
82
FE
8A
FE
00
00
00
00
ENDCHAR
STARTCHAR uF01BC
ENCODING 983484
SWIDTH 500 0
DWIDTH 8 0
BBX 8 16 0 -2
BITMAP
00
00
00
7C
82
FE
82
7C
82
7C
82
7C
00
00
00
00
ENDCHAR
STARTCHAR uF01D8
ENCODING 983512
SWIDTH 500 0
DWIDTH 8 0
BBX 8 16 0 -2
BITMAP
00
00
00
00
00
00
00
00
92
92
00
00
00
00
00
00
ENDCHAR
STARTCHAR uF01DA
ENCODING 983514
SWIDTH 500 0
DWIDTH 8 0
BBX 8 16 0 -2
BITMAP
00
00
00
10
10
10
54
38
10
00
82
FE
00
00
00
00
ENDCHAR
STARTCHAR uF01EE
ENCODING 983534
SWIDTH 500 0
DWIDTH 8 0
BBX 8 16 0 -2
BITMAP
00
00
00
00
FE
C6
AA
92
82
82
FE
00
00
00
00
00
ENDCHAR
STARTCHAR uF0200
ENCODING 983552
SWIDTH 500 0
DWIDTH 8 0
BBX 8 16 0 -2
BITMAP
00
00
00
FE
92
92
82
BA
AA
38
10
10
00
00
00
00
ENDCHAR
STARTCHAR uF0208
ENCODING 983560
SWIDTH 500 0
DWIDTH 8 0
BBX 8 16 0 -2
BITMAP
00
00
00
00
00
38
6C
D6
6C
38
00
00
00
00
00
00
ENDCHAR
STARTCHAR uF0214
ENCODING 983572
SWIDTH 500 0
DWIDTH 8 0
BBX 8 16 0 -2
BITMAP
00
00
F0
88
84
FE
82
82
82
82
82
82
FE
00
00
00
ENDCHAR
STARTCHAR uF0219
ENCODING 983577
SWIDTH 500 0
DWIDTH 8 0
BBX 8 16 0 -2
BITMAP
00
00
F0
88
84
FE
82
BA
82
BA
82
BA
FE
00
00
00
ENDCHAR
STARTCHAR uF021F
ENCODING 983583
SWIDTH 500 0
DWIDTH 8 0
BBX 8 16 0 -2
BITMAP
00
00
F0
88
84
FE
82
A2
82
8A
96
E2
FE
00
00
00
ENDCHAR
STARTCHAR uF0224
ENCODING 983588
SWIDTH 500 0
DWIDTH 8 0
BBX 8 16 0 -2
BITMAP
00
00
F0
88
84
FE
82
82
82
82
82
82
FE
00
00
00
ENDCHAR
STARTCHAR uF022E
ENCODING 983598
SWIDTH 500 0
DWIDTH 8 0
BBX 8 16 0 -2
BITMAP
00
00
F0
88
84
FE
82
A2
C6
A2
82
82
FE
00
00
00
ENDCHAR
STARTCHAR uF0232
ENCODING 983602
SWIDTH 500 0
DWIDTH 8 0
BBX 8 16 0 -2
BITMAP
00
00
00
00
FE
7C
38
10
10
10
30
00
00
00
00
00
ENDCHAR
STARTCHAR uF0241
ENCODING 983617
SWIDTH 500 0
DWIDTH 8 0
BBX 8 16 0 -2
BITMAP
00
00
00
08
18
30
7C
18
30
20
00
00
00
00
00
00
ENDCHAR
STARTCHAR uF024B
ENCODING 983627
SWIDTH 500 0
DWIDTH 8 0
BBX 8 16 0 -2
BITMAP
00
00
00
00
70
88
FE
82
82
82
82
FE
00
00
00
00
ENDCHAR
STARTCHAR uF0256
ENCODING 983638
SWIDTH 500 0
DWIDTH 8 0
BBX 8 16 0 -2
BITMAP
00
00
00
00
70
88
FE
82
82
82
82
FE
00
00
00
00
ENDCHAR
STARTCHAR uF02A2
ENCODING 983714
SWIDTH 500 0
DWIDTH 8 0
BBX 8 16 0 -2
BITMAP
00
00
00
10
38
5C
EE
5C
38
10
00
00
00
00
00
00
ENDCHAR
STARTCHAR uF02A4
ENCODING 983716
SWIDTH 500 0
DWIDTH 8 0
BBX 8 16 0 -2
BITMAP
00
00
00
44
EE
FE
BA
FE
7C
38
38
6C
00
00
00
00
ENDCHAR
STARTCHAR uF02D1
ENCODING 983761
SWIDTH 500 0
DWIDTH 8 0
BBX 8 16 0 -2
BITMAP
00
00
00
00
6C
FE
FE
FE
7C
38
10
00
00
00
00
00
ENDCHAR
STARTCHAR uF02D6
ENCODING 983766
SWIDTH 500 0
DWIDTH 8 0
BBX 8 16 0 -2
BITMAP
00
00
00
38
44
82
04
18
10
00
10
00
00
00
00
00
ENDCHAR
STARTCHAR uF02DC
ENCODING 983772
SWIDTH 500 0
DWIDTH 8 0
BBX 8 16 0 -2
BITMAP
00
00
00
10
38
6C
C6
82
BA
AA
AA
EE
00
00
00
00
ENDCHAR
STARTCHAR uF02E9
ENCODING 983785
SWIDTH 500 0
DWIDTH 8 0
BBX 8 16 0 -2
BITMAP
00
00
00
FE
82
A2
82
8A
96
A2
C2
FE
00
00
00
00
ENDCHAR
STARTCHAR uF02FC
ENCODING 983804
SWIDTH 500 0
DWIDTH 8 0
BBX 8 16 0 -2
BITMAP
00
00
00
38
44
92
82
92
92
92
44
38
00
00
00
00
ENDCHAR
STARTCHAR uF0306
ENCODING 983814
SWIDTH 500 0
DWIDTH 8 0
BBX 8 16 0 -2
BITMAP
00
00
00
60
90
90
60
30
18
0C
0A
00
00
00
00
00
ENDCHAR
STARTCHAR uF0317
ENCODING 983831
SWIDTH 500 0
DWIDTH 8 0
BBX 8 16 0 -2
BITMAP
00
00
00
38
28
38
10
7C
44
EE
AA
EE
00
00
00
00
ENDCHAR
STARTCHAR uF031B
ENCODING 983835
SWIDTH 500 0
DWIDTH 8 0
BBX 8 16 0 -2
BITMAP
00
00
00
FE
00
6A
8E
8A
8E
6A
00
FE
00
00
00
00
ENDCHAR
STARTCHAR uF031C
ENCODING 983836
SWIDTH 500 0
DWIDTH 8 0
BBX 8 16 0 -2
BITMAP
00
00
00
FE
00
66
88
84
82
6C
00
FE
00
00
00
00
ENDCHAR
STARTCHAR uF031D
ENCODING 983837
SWIDTH 500 0
DWIDTH 8 0
BBX 8 16 0 -2
BITMAP
00
00
00
FE
00
28
28
38
28
28
00
FE
00
00
00
00
ENDCHAR
STARTCHAR uF031F
ENCODING 983839
SWIDTH 500 0
DWIDTH 8 0
BBX 8 16 0 -2
BITMAP
00
00
00
FE
00
30
28
30
20
20
00
FE
00
00
00
00
ENDCHAR
STARTCHAR uF0336
ENCODING 983862
SWIDTH 500 0
DWIDTH 8 0
BBX 8 16 0 -2
BITMAP
00
00
00
38
44
82
82
44
28
28
38
38
00
00
00
00
ENDCHAR
STARTCHAR uF0337
ENCODING 983863
SWIDTH 500 0
DWIDTH 8 0
BBX 8 16 0 -2
BITMAP
00
00
00
00
0C
12
24
58
24
48
30
00
00
00
00
00
ENDCHAR
STARTCHAR uF033D
ENCODING 983869
SWIDTH 500 0
DWIDTH 8 0
BBX 8 16 0 -2
BITMAP
00
00
38
44
54
7C
38
6C
C6
C6
6C
EE
00
00
00
00
ENDCHAR
STARTCHAR uF033E
ENCODING 983870
SWIDTH 500 0
DWIDTH 8 0
BBX 8 16 0 -2
BITMAP
00
00
00
38
44
44
FE
82
92
92
82
FE
00
00
00
00
ENDCHAR
STARTCHAR uF033F
ENCODING 983871
SWIDTH 500 0
DWIDTH 8 0
BBX 8 16 0 -2
BITMAP
00
00
00
38
44
40
FE
82
92
92
82
FE
00
00
00
00
ENDCHAR
STARTCHAR uF0340
ENCODING 983872
SWIDTH 500 0
DWIDTH 8 0
BBX 8 16 0 -2
BITMAP
00
00
00
38
44
40
FE
82
92
92
82
FE
00
00
00
00
ENDCHAR
STARTCHAR uF0341
ENCODING 983873
SWIDTH 500 0
DWIDTH 8 0
BBX 8 16 0 -2
BITMAP
00
00
00
38
44
44
FE
82
92
92
82
FE
00
00
00
00
ENDCHAR
STARTCHAR uF0349
ENCODING 983881
SWIDTH 500 0
DWIDTH 8 0
BBX 8 16 0 -2
BITMAP
00
00
00
70
88
88
88
70
18
0C
06
00
00
00
00
00
ENDCHAR
STARTCHAR uF0354
ENCODING 983892
SWIDTH 500 0
DWIDTH 8 0
BBX 8 16 0 -2
BITMAP
00
00
00
FE
00
28
38
38
28
28
00
FE
00
00
00
00
ENDCHAR
STARTCHAR uF035B
ENCODING 983899
SWIDTH 500 0
DWIDTH 8 0
BBX 8 16 0 -2
BITMAP
00
00
00
00
FE
82
AA
AA
82
FE
54
00
00
00
00
00
ENDCHAR
STARTCHAR uF035C
ENCODING 983900
SWIDTH 500 0
DWIDTH 8 0
BBX 8 16 0 -2
BITMAP
00
00
00
00
FE
00
00
FE
00
00
FE
00
00
00
00
00
ENDCHAR
STARTCHAR uF03CC
ENCODING 984012
SWIDTH 500 0
DWIDTH 8 0
BBX 8 16 0 -2
BITMAP
00
00
00
1E
06
0A
92
A2
C2
82
82
FE
00
00
00
00
ENDCHAR
STARTCHAR uF03D6
ENCODING 984022
SWIDTH 500 0
DWIDTH 8 0
BBX 8 16 0 -2
BITMAP
00
00
00
38
6C
D6
AA
92
82
C6
6C
38
00
00
00
00
ENDCHAR
STARTCHAR uF03E4
ENCODING 984036
SWIDTH 500 0
DWIDTH 8 0
BBX 8 16 0 -2
BITMAP
00
00
00
00
6C
6C
6C
6C
6C
6C
6C
00
00
00
00
00
ENDCHAR
STARTCHAR uF03EB
ENCODING 984043
SWIDTH 500 0
DWIDTH 8 0
BBX 8 16 0 -2
BITMAP
00
00
00
06
0E
1C
38
70
E0
C0
00
00
00
00
00
00
ENDCHAR
STARTCHAR uF040A
ENCODING 984074
SWIDTH 500 0
DWIDTH 8 0
BBX 8 16 0 -2
BITMAP
00
00
00
00
40
60
70
78
70
60
40
00
00
00
00
00
ENDCHAR
STARTCHAR uF0425
ENCODING 984101
SWIDTH 500 0
DWIDTH 8 0
BBX 8 16 0 -2
BITMAP
00
00
00
10
10
54
92
92
82
44
38
00
00
00
00
00
ENDCHAR
STARTCHAR uF0450
ENCODING 984144
SWIDTH 500 0
DWIDTH 8 0
BBX 8 16 0 -2
BITMAP
00
00
00
3C
42
82
8E
00
E2
82
84
78
00
00
00
00
ENDCHAR
STARTCHAR uF048B
ENCODING 984203
SWIDTH 500 0
DWIDTH 8 0
BBX 8 16 0 -2
BITMAP
00
00
00
FE
8A
FE
00
FE
8A
FE
00
FE
8A
FE
00
00
ENDCHAR
STARTCHAR uF0493
ENCODING 984211
SWIDTH 500 0
DWIDTH 8 0
BBX 8 16 0 -2
BITMAP
00
00
00
10
54
FE
44
D6
44
FE
54
10
00
00
00
00
ENDCHAR
STARTCHAR uF04CE
ENCODING 984270
SWIDTH 500 0
DWIDTH 8 0
BBX 8 16 0 -2
BITMAP
00
00
00
10
10
FE
7C
38
6C
44
00
00
00
00
00
00
ENDCHAR
STARTCHAR uF04DB
ENCODING 984283
SWIDTH 500 0
DWIDTH 8 0
BBX 8 16 0 -2
BITMAP
00
00
00
00
7C
7C
7C
7C
7C
7C
7C
00
00
00
00
00
ENDCHAR
STARTCHAR uF04F9
ENCODING 984313
SWIDTH 500 0
DWIDTH 8 0
BBX 8 16 0 -2
BITMAP
00
00
00
00
F0
C8
A4
82
44
28
10
00
00
00
00
00
ENDCHAR
STARTCHAR uF0552
ENCODING 984402
SWIDTH 500 0
DWIDTH 8 0
BBX 8 16 0 -2
BITMAP
00
00
00
10
38
54
10
10
10
00
82
FE
00
00
00
00
ENDCHAR
STARTCHAR uF057E
ENCODING 984446
SWIDTH 500 0
DWIDTH 8 0
BBX 8 16 0 -2
BITMAP
00
00
00
00
08
1A
3A
EA
EA
3A
1A
08
00
00
00
00
ENDCHAR
STARTCHAR uF0581
ENCODING 984449
SWIDTH 500 0
DWIDTH 8 0
BBX 8 16 0 -2
BITMAP
00
00
00
00
08
18
38
EA
E4
3A
18
08
00
00
00
00
ENDCHAR
STARTCHAR uF05A9
ENCODING 984489
SWIDTH 500 0
DWIDTH 8 0
BBX 8 16 0 -2
BITMAP
00
00
00
00
7C
82
38
44
10
28
00
10
00
00
00
00
ENDCHAR
STARTCHAR uF05B3
ENCODING 984499
SWIDTH 500 0
DWIDTH 8 0
BBX 8 16 0 -2
BITMAP
00
00
00
00
EE
AA
EE
00
EE
AA
EE
00
00
00
00
00
ENDCHAR
STARTCHAR uF05C4
ENCODING 984516
SWIDTH 500 0
DWIDTH 8 0
BBX 8 16 0 -2
BITMAP
00
00
00
FE
82
FE
92
92
BA
92
92
FE
00
00
00
00
ENDCHAR
STARTCHAR uF061A
ENCODING 984602
SWIDTH 500 0
DWIDTH 8 0
BBX 8 16 0 -2
BITMAP
00
00
00
54
7C
44
D6
54
D6
44
7C
54
00
00
00
00
ENDCHAR
STARTCHAR uF0626
ENCODING 984614
SWIDTH 500 0
DWIDTH 8 0
BBX 8 16 0 -2
BITMAP
00
00
00
00
28
44
44
82
44
44
28
00
00
00
00
00
ENDCHAR
STARTCHAR uF062C
ENCODING 984620
SWIDTH 500 0
DWIDTH 8 0
BBX 8 16 0 -2
BITMAP
00
00
38
28
38
10
1C
16
14
10
38
28
38
00
00
00
ENDCHAR
STARTCHAR uF062D
ENCODING 984621
SWIDTH 500 0
DWIDTH 8 0
BBX 8 16 0 -2
BITMAP
00
00
44
EE
44
44
28
10
10
38
28
38
00
00
00
00
ENDCHAR
STARTCHAR uF062E
ENCODING 984622
SWIDTH 500 0
DWIDTH 8 0
BBX 8 16 0 -2
BITMAP
00
00
00
44
44
EE
44
44
44
5C
44
44
00
00
00
00
ENDCHAR
STARTCHAR uF0671
ENCODING 984689
SWIDTH 500 0
DWIDTH 8 0
BBX 8 16 0 -2
BITMAP
00
00
00
FE
00
18
20
20
20
18
00
FE
00
00
00
00
ENDCHAR
STARTCHAR uF0672
ENCODING 984690
SWIDTH 500 0
DWIDTH 8 0
BBX 8 16 0 -2
BITMAP
00
00
00
FE
00
60
84
8E
84
60
00
FE
00
00
00
00
ENDCHAR
STARTCHAR uF06E5
ENCODING 984805
SWIDTH 500 0
DWIDTH 8 0
BBX 8 16 0 -2
BITMAP
00
00
00
FE
00
6A
8A
4E
2E
CA
00
FE
00
00
00
00
ENDCHAR
STARTCHAR uF0718
ENCODING 984856
SWIDTH 500 0
DWIDTH 8 0
BBX 8 16 0 -2
BITMAP
00
00
00
00
00
38
28
EE
28
38
00
00
00
00
00
00
ENDCHAR
STARTCHAR uF0770
ENCODING 984944
SWIDTH 500 0
DWIDTH 8 0
BBX 8 16 0 -2
BITMAP
00
00
00
00
70
88
FE
80
FC
84
88
F0
00
00
00
00
ENDCHAR
STARTCHAR uF07D3
ENCODING 985043
SWIDTH 500 0
DWIDTH 8 0
BBX 8 16 0 -2
BITMAP
00
00
00
FE
00
64
8A
AA
AA
64
00
FE
00
00
00
00
ENDCHAR
STARTCHAR uF0849
ENCODING 985161
SWIDTH 500 0
DWIDTH 8 0
BBX 8 16 0 -2
BITMAP
00
00
00
6C
92
92
6C
00
6C
92
92
FE
00
00
00
00
ENDCHAR
STARTCHAR uF0868
ENCODING 985192
SWIDTH 500 0
DWIDTH 8 0
BBX 8 16 0 -2
BITMAP
00
00
00
18
18
78
78
FE
FE
7C
38
00
00
00
00
00
ENDCHAR
STARTCHAR uF08B1
ENCODING 985265
SWIDTH 500 0
DWIDTH 8 0
BBX 8 16 0 -2
BITMAP
00
00
00
FE
00
20
20
20
20
38
00
FE
00
00
00
00
ENDCHAR
STARTCHAR uF09EE
ENCODING 985582
SWIDTH 500 0
DWIDTH 8 0
BBX 8 16 0 -2
BITMAP
00
00
F0
88
84
FE
82
BA
82
BA
82
BA
FE
00
00
00
ENDCHAR
STARTCHAR uF0A7A
ENCODING 985722
SWIDTH 500 0
DWIDTH 8 0
BBX 8 16 0 -2
BITMAP
00
00
00
38
FE
00
7C
54
54
54
54
7C
00
00
00
00
ENDCHAR
STARTCHAR uF0DCF
ENCODING 986575
SWIDTH 500 0
DWIDTH 8 0
BBX 8 16 0 -2
BITMAP
00
00
00
00
70
88
FE
80
FC
84
88
F0
00
00
00
00
ENDCHAR
STARTCHAR uF0EB0
ENCODING 986800
SWIDTH 500 0
DWIDTH 8 0
BBX 8 16 0 -2
BITMAP
00
00
F0
88
84
FE
82
A2
82
8A
96
E2
FE
00
00
00
ENDCHAR
STARTCHAR uF102B
ENCODING 987179
SWIDTH 500 0
DWIDTH 8 0
BBX 8 16 0 -2
BITMAP
00
00
F0
88
84
FE
82
A2
C6
A2
82
82
FE
00
00
00
ENDCHAR
STARTCHAR uF1219
ENCODING 987673
SWIDTH 500 0
DWIDTH 8 0
BBX 8 16 0 -2
BITMAP
00
00
00
FE
00
28
28
30
28
28
00
FE
00
00
00
00
ENDCHAR
ENDFONT
